,Films,Year,GoldenGlobes,Nominations
0," Remains of the Day, The",1994,0,5
1, Roma (1972),1973,0,1
2,"$1,000,000 Duck",1972,0,2
3,'Round Midnight,1987,0,2
4,"'night, Mother",1987,0,1
5,(500) Days of Summer,2010,0,2
6,10,1980,0,5
7,10 North Frederick,1959,0,1
8,101 Dalmatians,1997,0,1
9,12 Angry Men (1957),1958,0,4
10,12 Years a Slave,2014,1,7
11,127 Hours,2011,0,3
12,1492: Conquest Of Paradise,1993,0,1
13,1776,1973,0,1
14,20th Century Women,2017,0,2
15,25th Hour,2003,0,1
16,3 Men and a Cradle,1987,0,1
17,"4 Months, 3 Weeks And 2 Days",2008,0,1
18,40 Carats,1974,0,1
19,48 Hrs.,1983,0,1
20,5 Fingers,1953,1,1
21,50/50,2012,0,2
22,8 Mile,2003,0,1
23,90 Degrees In The Shade,1966,0,1
24,99 Homes,2016,0,1
25,99 and 44/100% Dead,1975,0,1
26,A Beautiful Mind,2002,4,6
27,A Bug's Life,1999,0,1
28,A Double Life,1948,1,1
29,A Fantastic Woman,2018,0,1
30,A Girl In Black,1957,0,1
31,A History of Violence,2006,0,2
32,A Life Of Her Own,1951,0,1
33,A Majority Of One,1962,3,3
34,A Man And A Woman,1967,2,5
35,A Man Could Get Killed,1967,1,1
36,A Medal For Benny,1946,1,1
37,A Most Violent Year,2015,0,1
38,A Night To Remember,1959,1,1
39,A Place In The Sun,1952,1,4
40,A Prophet (Un Prophete),2010,0,1
41,A Royal Affair,2013,0,1
42,A Separation,2012,1,1
43,A Single Man,2010,0,3
44,A Streetcar Named Desire (1951),1952,1,3
45,A Thousand Acres,1998,0,1
46,A Very Long Engagement,2005,0,1
47,A Walk in the Clouds,1996,1,1
48,A. I.: Artificial Intelligence,2002,0,3
49,About Schmidt,2003,2,5
50,About a Boy,2003,0,2
51,Absence of Malice,1982,0,2
52,"Absent-Minded Professor, The",1962,0,1
53,Accident,1968,0,1
54,"Accidental Tourist, The",1989,0,2
55,"Accused, The",1989,1,1
56,Across The Universe,2008,0,1
57,Act of Valor,2013,0,1
58,Act of the Heart,1971,0,1
59,"Actress, The",1954,1,1
60,Adalen 31,1970,0,1
61,Adam's Rib,1951,0,1
62,Adaptation,2003,2,6
63,Addams Family Values,1994,0,1
64,"Addams Family, The",1992,0,1
65,"Adventures of Priscilla, Queen of the Desert, The",1995,0,2
66,"Adventures of Tintin, The",2012,1,1
67,Affliction,1999,0,1
68,"African Elephant, The",1972,0,2
69,After Hours,1986,0,1
70,Against All Odds,1985,0,1
71,"Age of Innocence, The",1994,1,4
72,Agnes of God,1986,1,2
73,"Agony and The Ecstasy, The",1966,0,2
74,Aimée & Jaguar,2000,0,1
75,Airplane!,1981,0,1
76,Airport,1971,1,4
77,Airport 1975,1975,0,1
78,Akira Kurosawa's Dreams,1991,0,1
79,Aladdin,1993,3,6
80,Albert Nobbs,2012,0,3
81,Alfie (1966),1967,1,7
82,Alfie (2004),2005,1,1
83,"Alfredo, Alfredo",1974,0,1
84,Ali,2002,0,3
85,Alice (1990),1991,0,1
86,Alice Doesn't Live Here Anymore,1975,0,2
87,Alice in Wonderland,2011,0,3
88,Alien,1980,0,1
89,Aliens,1987,0,1
90,All About Eve,1951,1,5
91,All About My Mother,2000,1,1
92,All Is Lost,2014,1,2
93,All That Jazz,1980,0,1
94,All The King's Men,1950,5,7
95,All The Money In The World,2018,0,3
96,All The Mornings of The World,1993,0,1
97,All The President's Men,1977,0,4
98,All The Pretty Horses,2001,0,1
99,All of Me,1985,0,2
100,Almost Famous,2001,2,4
101,Alone On The Pacific,1964,0,1
102,Altars of the World,1977,1,1
103,Altered States,1981,0,1
104,Amadeus,1985,4,6
105,Amarcord,1975,0,1
106,"America, America",1964,1,8
107,American Beauty,2000,3,6
108,American Gangster,2008,0,3
109,American Gigolo,1981,0,2
110,American Graffiti,1974,2,4
111,American Hustle,2014,3,7
112,"American President, The",1996,0,5
113,American Splendor,2004,0,1
114,"American Tail, An",1987,0,1
115,"American Tail, An : Fievel Goes West",1992,0,1
116,Amistad,1998,0,4
117,"Amityville Horror, The",1980,0,1
118,Amores Perros,2001,0,1
119,Amour,2013,1,1
120,Amélie,2002,0,1
121,An American In Paris,1952,1,3
122,Analyze This,2000,0,2
123,Anastasia,1998,0,2
124,Anastasia (1956),1957,0,2
125,Anatomy of a Murder,1960,0,4
126,And Justice For All,1980,0,1
127,And Now My Love,1976,0,1
128,"Andromeda Strain, The",1972,0,1
129,Angela's Ashes,2000,0,1
130,"Angry Silence, The",1961,0,1
131,Animal Kingdom,2011,0,1
132,Animals Are Beautiful People,1975,1,1
133,Anna,1988,1,1
134,Anna Karenina,2013,0,1
135,Anna and the King,2000,0,2
136,Anne of the Thousand Days,1970,4,7
137,Annie,1983,0,3
138,Annie (2014),2015,0,2
139,Annie Get Your Gun,1951,0,1
140,Annie Hall,1978,1,5
141,Anomalisa,2016,0,1
142,Antigone,1962,0,1
143,Any Number Can Win,1964,1,1
144,Any Wednesday,1967,0,1
145,Anything Can Happen,1953,1,1
146,Anywhere But Here,2000,0,1
147,"Apartment, The",1961,3,4
148,Apocalypse Now,1980,2,4
149,Apocalypto,2007,0,1
150,Apollo 13,1996,0,4
151,"Appaloosa, The",1967,0,1
152,"Apprenticeship of Duddy Kravitz, The",1975,0,1
153,Arbitrage,2013,0,1
154,Argo,2013,2,5
155,Around the World in 80 Days,1957,2,3
156,Arrival,2017,0,2
157,Artemisia,1998,0,1
158,Arthur,1982,4,5
159,Arthur Christmas,2012,0,1
160,As Good as It Gets,1998,3,6
161,Ash Wednesday,1974,0,1
162,Ask Any Girl,1960,0,1
163,"Assassination Bureau, The",1970,0,1
164,"Assassination of Jesse James by the Coward Robert Ford, The",2008,0,1
165,"Assault, The",1987,1,1
166,Assignment: Paris,1953,0,1
167,At Eternity's Gate,2019,0,1
168,At Play in the Fields of the Lord,1992,0,1
169,Atlantic City,1982,0,3
170,Atonement,2008,2,7
171,August: Osage County,2014,0,2
172,Auntie Mame,1959,2,4
173,Austin Powers: The Spy Who Shagged Me,2000,0,1
174,Author! Author!,1983,0,1
175,Autumn Sonata,1979,1,2
176,Avalon,1991,0,3
177,Avanti!,1973,1,6
178,Avatar,2010,2,4
179,Awakenings,1991,0,1
180,Away From Her,2008,1,1
181,Baarìa,2010,0,1
182,Babel,2007,1,7
183,Babette's Feast,1989,0,1
184,Baby Boom,1988,0,2
185,Baby Doll,1957,3,6
186,Baby Driver,2018,0,1
187,Bachelor In Paradise,1962,0,1
188,Back To The Future,1986,0,4
189,Bad Santa,2004,0,1
190,"Bad Seed, The",1957,1,2
191,"Bad and The Beautiful, The",1953,0,2
192,Ballad Of A Soldier,1961,0,1
193,Balzac and The Little Chinese Seamstress,2003,0,1
194,Bambi,1948,1,1
195,Bandits,2002,0,2
196,"Banger Sisters, The",2003,0,1
197,"Barefoot Contessa, The",1955,1,1
198,Barfly,1988,0,1
199,Barney's Version,2011,1,1
200,Barry Lyndon,1976,0,2
201,Barton Fink,1992,0,1
202,Basic Instinct,1993,0,2
203,Batman,1990,0,1
204,Batman Forever,1996,0,1
205,Battle Hymn,1957,1,1
206,Battle Of The Bulge,1966,0,2
207,Battle of the Sexes,2018,0,2
208,Battleground,1950,2,2
209,Beasts of No Nation,2016,0,1
210,Beautiful Boy,2019,0,1
211,Beauty and the Beast,1992,3,4
212,Because They're Young,1961,1,1
213,Becket,1965,2,5
214,Bedknobs and Broomsticks,1972,0,1
215,Bee Movie,2008,0,1
216,Beethoven's 2nd,1994,0,1
217,Before Midnight,2014,0,1
218,Before Night Falls,2001,0,1
219,Before Sundown,1957,1,1
220,Beginners,2012,1,1
221,Behind The Sun,2002,0,1
222,Being John Malkovich,2000,0,4
223,Being Julia,2005,1,1
224,Being There,1980,2,6
225,"Bell, Book and Candle",1959,0,1
226,Bells Are Ringing,1961,0,2
227,Ben,1973,1,1
228,Ben-Hur,1960,4,5
229,Bend It Like Beckham,2004,0,1
230,Benjamin,1969,0,1
231,Benji,1975,1,1
232,Benny & Joon,1994,0,1
233,Bernie,2013,0,1
234,Berry Gordy's The Last Dragon,1986,0,1
235,"Best Exotic Marigold Hotel, The",2013,0,2
236,Best Friends,1983,0,1
237,"Best Little Whorehouse In Texas, The",1983,0,2
238,Best in Show,2001,0,1
239,Betty Blue,1987,0,1
240,Beverly Hills Cop,1985,0,2
241,Beverly Hills Cop II,1988,0,1
242,Beyond the Sea,2005,0,1
243,Big,1989,1,2
244,"Big Chill, The",1984,0,2
245,"Big Country, The",1959,1,1
246,"Big Dig, The",1970,0,1
247,Big Eyes,2015,1,3
248,Big Fish,2004,0,4
249,Big Hero 6,2015,0,1
250,"Big Short, The",2016,0,4
251,Billy Bathgate,1992,0,1
252,Billy Budd,1963,0,1
253,Billy Elliot,2001,0,2
254,Billy Jack,1972,0,1
255,Billy Rose's Jumbo,1963,0,5
256,Bird,1989,1,3
257,"Birdcage, The",1997,0,2
258,Birdman,2015,2,7
259,Birdman of Alcatraz,1963,0,2
260,"Birds Do It, Bees Do It",1975,0,1
261,"Birds, The",1964,0,1
262,Birth,2005,0,1
263,Biutiful,2011,0,1
264,Bizet's Carmen,1985,0,1
265,BlacKkKlansman,2019,0,4
266,Black Narcissus,1948,1,1
267,Black Orpheus,1960,1,1
268,Black Panther,2019,0,3
269,"Black Stallion, The",1980,0,1
270,Black Swan,2011,1,4
271,Blade Runner,1983,0,1
272,"Blind Side, The",2010,1,1
273,Blood Alley,1956,0,1
274,Blood Diamond,2007,0,1
275,Bloomfield,1971,0,1
276,Blow-Up,1967,0,1
277,Blue Denim,1960,0,1
278,Blue Jasmine,2014,1,2
279,"Blue Lagoon, The",1981,0,1
280,Blue Sky,1995,1,1
281,Blue Valentine,2011,0,2
282,Blue Velvet,1987,0,2
283,Blue is the Warmest Color,2014,0,1
284,Bob & Carol & Ted & Alice,1970,0,2
285,Bob Roberts,1993,0,1
286,Bobby,2007,0,2
287,Bobby Deerfield,1978,0,1
288,Body Double,1985,0,1
289,Body Heat,1982,0,1
290,Boeing Boeing,1966,0,2
291,Bohemian Rhapsody,2019,2,2
292,Bolt,2009,0,2
293,Bonnie and Clyde,1968,0,7
294,Boogie Nights,1998,1,2
295,"Book of Life, The",2015,0,1
296,Borat: Cultural Learnings Of America For Make Benefit Glorious Nation Of Kazakhstan,2007,1,2
297,Born Free,1967,0,3
298,Born Yesterday,1951,1,4
299,Born on the Fourth of July,1990,4,5
300,Borsalino,1971,0,1
301,"Boss Baby, The ",2018,0,1
302,"Boston Strangler, The",1969,0,1
303,"Bostonians, The",1985,0,1
304,Bound for Glory,1977,1,4
305,"Boxer, The",1998,0,3
306,"Boxtrolls, The",2015,0,1
307,Boy Erased,2019,0,2
308,"Boy Friend, The",1972,2,3
309,Boyhood,2015,3,5
310,Boys Don't Cry,2000,1,2
311,"Boys From Brazil, The",1979,0,1
312,"Boys In Company C, The",1979,0,1
313,"Boys in the Band, The",1971,0,1
314,Boys' Night Out,1963,0,1
315,Brave,2013,1,1
316,"Brave One, The",2008,0,1
317,"Brave One, The (1956)",1957,0,1
318,Braveheart,1996,1,4
319,"Breadwinner, The ",2018,0,1
320,Breaker Morant,1981,0,1
321,Breakfast On Pluto,2006,0,1
322,Breakfast at Tiffany's,1962,0,2
323,Breaking Away,1980,1,4
324,Breaking the Waves,1997,0,2
325,Breezy,1974,0,3
326,"Bride Wore Black, The",1969,0,1
327,Bridesmaids,2012,0,2
328,Bridge of Spies,2016,0,1
329,"Bridge on the River Kwai, The",1958,3,4
330,Bridge to the Sun,1962,0,1
331,"Bridges of Madison County, The",1996,0,2
332,Bridget Jones's Diary,2002,0,2
333,Bridget Jones: The Edge Of Reason,2005,0,1
334,Brigadoon,1955,1,1
335,Bright Victory,1952,1,3
336,Broadcast News,1988,0,5
337,Broadway Danny Rose,1985,0,1
338,Brokeback Mountain,2006,4,7
339,Broken Arrow,1951,1,2
340,Broken Embraces,2010,0,1
341,Broken Lance,1955,1,1
342,Brooklyn,2016,0,1
343,Brother of Sleep,1996,0,1
344,"Brother, Can You Spare a Dime?",1976,0,1
345,Brothers,2010,0,2
346,"Buddy Holly Story, The",1979,0,1
347,Bugsy,1992,1,8
348,Bugsy Malone,1977,0,3
349,Bull Durham,1989,0,2
350,Bullets Over Broadway,1995,1,1
351,Bulworth,1999,0,3
352,Bundle of Joy,1957,0,1
353,"Buona Sera, Mrs. Campbell",1969,0,3
354,Burlesque,2011,1,3
355,Burn After Reading,2009,0,2
356,Bus Stop,1957,0,2
357,Buster,1989,0,1
358,But Not For Me,1960,0,3
359,Butch Cassidy and The Sundance Kid,1970,1,4
360,Butterfield 8,1961,0,1
361,Butterflies Are Free,1973,1,5
362,Butterfly,1982,1,3
363,Bye Bye Birdie,1964,0,2
364,Cabaret,1973,3,9
365,Cactus Flower,1970,1,5
366,Cadillac Records,2009,0,1
367,"Cage aux Folles, La",1980,1,1
368,Cake,2015,0,1
369,Calendar Girls,2004,0,1
370,California Suite,1979,0,2
371,Call Me By Your Name,2018,0,3
372,Call Me Madam,1954,1,1
373,Camelot,1968,3,6
374,Camille Claudel,1990,0,1
375,Can You Ever Forgive Me?,2019,0,2
376,Can-Can,1961,1,1
377,Candy,1969,0,1
378,Cape Fear,1992,0,2
379,Capernaum,2019,0,1
380,Capote,2006,1,1
381,Captain Fantastic,2017,0,1
382,"Captain Newman, M.D.",1964,0,4
383,Captain Phillips,2014,0,4
384,Car Wash,1977,0,1
385,"Cardinal, The",1964,2,6
386,Career,1960,1,1
387,"Caretakers, The",1964,0,3
388,Carlito's Way,1994,0,2
389,Carmen,1984,0,1
390,Carmen Jones,1955,2,2
391,Carnage,2012,0,2
392,Carnal Knowledge,1972,1,3
393,Carol,2016,0,5
394,"Carpetbaggers, The",1965,0,1
395,Carrie,1977,0,1
396,Cars,2007,1,1
397,Cars 2,2012,0,1
398,Casino,1996,1,2
399,Casino Jack,2011,0,1
400,Cast Away,2001,1,1
401,Casualties of War,1990,0,1
402,Cat Ballou,1966,1,5
403,Cat People,1983,0,2
404,Cat on a Hot Tin Roof,1959,0,2
405,Catch Me If You Can,2003,0,1
406,Central Station,1999,1,2
407,"Ceremony, The",1964,1,1
408,"Chalk Garden, The",1965,0,1
409,"Challenge, The",1975,0,1
410,"Champ, The",1980,1,2
411,Champion,1950,1,2
412,Chances Are,1990,0,1
413,Changeling,2009,0,2
414,Chaplin,1993,0,3
415,"Chapman Report, The",1963,0,4
416,Chapter Two,1980,0,2
417,Charade,1964,0,2
418,Chariots of Fire,1982,1,1
419,Charley and The Angel,1974,0,1
420,Charlie Wilson's War,2008,0,5
421,Charlie and the Chocolate Factory,2006,0,1
422,Charly,1969,1,3
423,Chasing Amy,1998,0,1
424,Cheyenne Autumn,1965,0,2
425,Chicago,2003,3,8
426,Chicken Run,2001,0,1
427,"Children of Sanchez, The",1979,0,1
428,Children of a Lesser God,1987,1,3
429,"Children's Hour, The",1962,0,3
430,"China Syndrome, The",1980,0,5
431,Chinatown,1975,4,7
432,Chitty Chitty Bang Bang,1969,0,2
433,Chocolat,2001,0,4
434,"Chorus Line: The Movie, A",1986,0,2
435,Christmas In Love,2006,0,1
436,"Cider House Rules, The",2000,0,2
437,"Cincinnati Kid, The",1966,0,1
438,Cinderella Liberty,1974,1,5
439,Cinderella Man,2006,0,2
440,Cinema Paradiso,1990,1,1
441,Circus World,1965,1,2
442,City Of God,2003,0,1
443,City Slickers,1992,1,3
444,City of Angels,1999,0,1
445,"Civil Action, A",1999,0,1
446,Claire's Knee,1972,0,1
447,Clara's Heart,1989,0,1
448,Claudine,1975,0,3
449,Cleopatra,1964,0,4
450,"Clockwork Orange, A",1972,0,3
451,Close Encounters of the Third Kind,1978,0,4
452,Close to Eden,1993,0,1
453,Closely Watched Trains,1968,0,1
454,Closer,2005,2,5
455,Cloud Atlas,2013,0,1
456,Cloudy With A Chance Of Meatballs,2010,0,1
457,Coal Miner's Daughter,1981,2,4
458,Cocktail,1989,0,1
459,Coco,2018,1,2
460,Cocoon,1986,0,1
461,Cold Mountain,2004,1,8
462,Collateral,2005,0,1
463,"Collector, The",1966,1,4
464,Colonel Redl,1986,0,1
465,"Color Purple, The",1986,1,5
466,"Color of Money, The",1987,0,2
467,Color of Night,1995,0,1
468,"Come Back To The Five and Dime, Jimmy Dean, Jimmy Dean",1983,0,1
469,"Come Back, Little Sheba",1953,1,2
470,Come Blow Your Horn,1964,0,4
471,Come September,1962,1,1
472,Come To The Stable,1950,0,1
473,"Comedians, The",1968,0,1
474,Coming Home,1979,2,6
475,"Commitments, The",1992,0,1
476,"Competition, The",1981,0,1
477,Conan the Barbarian,1983,1,1
478,Concussion,2016,0,1
479,"Confession, The",1971,0,1
480,Confessions Of Felix Krull,1958,0,1
481,"Conformist, The",1972,0,1
482,"Conjugal Bed, The",1964,0,1
483,Conspiracy of Hearts,1961,0,1
484,"Constant Gardener, The",2006,1,3
485,Contact,1998,0,1
486,"Contender, The",2001,0,2
487,Continental Divide,1982,0,1
488,"Conversation, The",1975,0,4
489,Cool Hand Luke,1968,0,2
490,"Cooler, The",2004,0,2
491,Coraline,2010,0,1
492,Corvette Summer,1979,0,1
493,"Cotton Club, The",1985,0,2
494,Country,1985,0,1
495,"Country Girl, The",1955,1,1
496,Country Strong,2011,0,1
497,"Court Jester, The",1957,0,1
498,"Cousin, Cousine",1977,0,1
499,Crash,2006,0,2
500,Crazy Heart,2010,2,2
501,Crazy Rich Asians,2019,0,2
502,"Crazy, Stupid, Love.",2012,0,1
503,Creed,2016,1,1
504,Cries and Whispers,1973,0,1
505,"Crime & Punishment, USA",1960,0,1
506,Crimes and Misdemeanors,1990,0,1
507,Crimes of the Heart,1987,1,2
508,"Crimson Kimono, The",1960,0,1
509,Crocodile Dundee,1987,1,3
510,Cromwell,1971,0,1
511,"Croods, The",2014,0,1
512,Crossing Delancey,1989,0,1
513,"Crossing Guard, The",1996,0,1
514,"Crouching Tiger, Hidden Dragon",2001,2,3
515,"Crucible, The",1997,0,2
516,Cry Freedom,1988,0,4
517,"Cry in the Dark, A",1989,0,4
518,"Crying Game, The",1993,0,1
519,Cría Cuervos,1978,0,1
520,Cyrano De Bergerac (1990),1991,1,1
521,Cyrano de Bergerac (1950),1951,2,4
522,Dad,1990,0,1
523,Dallas Buyers Club,2014,2,2
524,Damage,1993,0,1
525,Damn Yankees,1959,0,1
526,"Damned, The",1970,0,1
527,Dancer In The Dark,2001,0,2
528,Dances with Wolves,1991,3,6
529,Dangerous Curves (UK),1956,0,1
530,"Dangerous Method, A",2012,0,1
531,Dangerous Moves,1985,0,1
532,"Dangerous Woman, A",1994,0,1
533,Danny Collins,2016,0,1
534,Darby O'Gill and The Little People,1960,0,1
535,Dark Eyes,1988,0,1
536,"Dark Knight, The",2009,1,1
537,"Dark at the Top of the Stairs, The",1961,0,3
538,Darkest Hour,2018,1,1
539,Darling,1966,1,3
540,Darling Lili,1971,1,3
541,Das Boot,1982,0,1
542,Dave,1994,0,2
543,David and Lisa,1963,1,2
544,Day for Night,1974,0,2
545,"Day of the Dolphin, The",1974,0,1
546,"Day of the Jackal, The",1974,0,3
547,"Day of the Locust, The",1976,0,2
548,Days of Heaven,1979,0,2
549,Days of Wine and Roses,1963,0,4
550,De-Lovely,2005,0,2
551,Dead Again,1992,0,1
552,Dead Heat on a Merry-Go-Round,1967,1,1
553,Dead Man Walking,1996,0,3
554,Dead Poets Society,1990,0,4
555,Deadpool,2017,0,2
556,Dear Heart,1965,0,3
557,Death Becomes Her,1993,0,1
558,Death of a Salesman,1986,1,4
559,Death of a Salesman (1951),1952,4,4
560,Death on the Nile,1979,0,1
561,Decision Before Dawn,1952,0,1
562,"Deep Blue Sea, The",2013,0,1
563,"Deep End, The",2002,0,1
564,"Deep, The",1978,0,1
565,"Deer Hunter, The",1979,1,6
566,Defiance,2009,0,1
567,"Defiant Ones, The",1959,1,6
568,"Delicate Balance, A",1974,0,1
569,Deliverance,1973,0,5
570,"Departed, The",2007,1,6
571,"Descendants, The",2012,2,5
572,Desire In The Dust,1961,0,1
573,Desperately Seeking Susan,1986,0,1
574,Despicable Me,2011,0,1
575,Despicable Me 2,2014,0,1
576,Destination Moon,1951,0,1
577,Destroyer,2019,0,1
578,Detective Story,1952,0,3
579,"Devil Wears Prada, The",2007,1,3
580,"Diary of Anne Frank, The",1960,1,6
581,Diary of a Mad Housewife,1971,2,5
582,Dick Tracy,1991,0,4
583,Die Another Day,2003,0,1
584,Dillinger,1974,0,1
585,Diner,1983,0,1
586,Dirty Dancing,1988,1,4
587,"Dirty Dozen, The",1968,0,1
588,Dirty Rotten Scoundrels,1989,0,1
589,"Disaster Artist, The ",2018,1,2
590,"Discreet Charm of the Bourgeoisie, The",1973,0,1
591,District 9,2010,0,1
592,Divine Madness,1981,0,1
593,Divines,2017,0,1
594,"Divorce, Italian Style",1963,2,2
595,Django Unchained,2013,2,5
596,"Do Ankhen Barah Haath (Two Eyes, Twelve Hands)",1959,1,1
597,Do Not Disturb,1966,0,1
598,Do The Right Thing,1990,0,4
599,Doctor Dolittle,1968,1,5
600,Doctor Zhivago,1966,5,6
601,Dog Day Afternoon,1976,0,7
602,Dominick & Eugene,1989,0,1
603,Don Juan DeMarco,1996,0,2
604,Don't Go Near The Water,1958,0,2
605,Dona Flor and Her Two Husbands,1979,0,1
606,Doubt,2009,0,5
607,"Dove, The",1975,1,2
608,Down and Out In Beverly Hills,1987,0,2
609,Downsizing,2018,0,1
610,Dr. No,1964,1,1
611,Dr. Seuss' How The Grinch Stole Christmas!,2001,0,1
612,"Dream of Passion, A",1979,0,1
613,Dreamgirls,2007,3,5
614,Dressed To Kill,1981,0,1
615,Drive,2012,0,1
616,Driving Miss Daisy,1990,3,3
617,"Dry White Season, A",1990,0,1
618,"Duchess and The Dirtwater Fox, The",1977,0,1
619,"Duchess, The",2009,0,1
620,Duet for One,1987,0,1
621,Dumplin',2019,0,1
622,Dunkirk,2018,0,3
623,Duplicity,2010,0,1
624,E. T. The Extra-Terrestrial,1983,2,5
625,Earthquake,1975,0,2
626,East of Eden,1956,2,2
627,East/West,2000,0,1
628,Eastern Promises,2008,0,3
629,Easy A,2011,0,1
630,Easy Rider,1970,0,1
631,Eat Drink Man Woman,1995,0,1
632,Ed Wood,1995,1,3
633,"Eddy Duchin Story, The",1956,0,1
634,Educating Rita,1984,2,4
635,"Education, An",2010,0,1
636,Edward Scissorhands,1991,0,1
637,"Edward, My Son",1950,0,1
638,"Effect of Gamma Rays on Man-In-The-Moon Marigolds, The",1973,0,1
639,"Egyptian, The",1954,0,1
640,Eighth Grade,2019,0,1
641,El Cid,1962,1,4
642,Election,2000,0,1
643,Electra Glide In Blue,1974,0,1
644,"Elephant Man, The",1981,0,4
645,Elizabeth,1999,1,3
646,Elizabeth:  The Golden Age,2008,0,1
647,Elle,2017,2,2
648,Elmer Gantry,1961,1,5
649,Elvira Madigan,1968,0,2
650,Elvis on Tour,1973,0,1
651,"Emigrants, The",1973,2,2
652,Empire of the Sun,1988,0,2
653,Enchanted,2008,0,2
654,Enchanted April,1993,2,3
655,Endless Love,1981,0,1
656,Enough Said,2014,0,1
657,Equus,1978,2,2
658,Erin Brockovich,2001,1,4
659,Eternal Sunshine of The Spotless Mind,2005,0,4
660,Europa Europa,1992,1,1
661,"Europeans, The",1980,0,1
662,"Evening Star, The",1997,0,1
663,Everlasting Moments,2009,0,1
664,Everybody's Fine,2010,0,1
665,Everyone Says I Love You,1997,0,1
666,Evita,1997,3,5
667,Ex Machina,2016,0,1
668,Exodus,1961,1,3
669,"Exorcist, The",1974,4,7
670,Experiment In Terror,1963,0,1
671,Extremities,1987,0,1
672,Eyes Wide Shut,2000,0,1
673,Eyes of Children,1956,1,1
674,"Fabulous Baker Boys, The",1990,1,2
675,Face to Face,1977,1,2
676,"Facts of Life, The",1961,0,3
677,Falling In Love Again,1981,0,1
678,"Family Jewels, The",1966,0,1
679,Family Plot,1977,0,1
680,"Family Stone, The",2006,0,1
681,Fanny,1962,0,4
682,Fanny & Alexander,1984,1,2
683,Fantastic Mr. Fox,2010,0,1
684,Far From Heaven,2003,0,4
685,Far From The Madding Crowd,1968,0,3
686,"Faraway, So Close!",1994,0,1
687,Farewell My Concubine,1994,1,1
688,Fargo,1997,0,4
689,Farinelli: Il Castrato,1995,1,1
690,Fatal Attraction,1988,0,4
691,Father Goose,1965,0,1
692,Father of the Bride Part II,1996,0,1
693,"Favourite, The",2019,1,5
694,Fearless,1994,0,1
695,Fellini Satyricon,1970,0,1
696,"Femme Nikita, La",1992,0,1
697,Fences,2017,1,2
698,Ferdinand,2018,0,2
699,Ferris Bueller's Day Off,1987,0,1
700,"Few Good Men, A",1993,0,5
701,Fiddler on the Roof,1972,2,4
702,"Field, The",1991,0,1
703,Fifty Shades of Grey,2016,0,1
704,"Fighter, The",2011,2,6
705,Finding Nemo,2004,0,1
706,Finding Neverland,2005,0,5
707,Finian's Rainbow,1969,0,5
708,First Man,2019,1,2
709,First Monday in October,1982,0,2
710,First They Killed My Father,2018,0,1
711,"Fish Called Wanda, A",1989,0,3
712,"Fisher King, The",1992,2,5
713,Fitzcarraldo,1983,0,1
714,Five Easy Pieces,1971,0,5
715,"Five Pennies, The",1960,0,2
716,"Fixer, The",1969,0,3
717,Flags of Our Fathers,2007,0,1
718,"Flamingo Kid, The",1985,0,1
719,Flashdance,1984,2,5
720,Flight,2013,0,1
721,Flight of the Innocent,1994,0,1
722,"Flight of the Phoenix, The",1966,0,2
723,Florence Foster Jenkins,2017,0,4
724,"Florida Project, The ",2018,0,1
725,Flower Drum Song,1962,0,2
726,"Flying Fontaines, The",1960,0,1
727,Footloose,1985,0,1
728,For Love of Ivy,1969,0,2
729,For Love or Money,1964,0,1
730,For The Boys,1992,1,2
731,For Whom The Bell Tolls,1944,2,2
732,For Your Eyes Only,1982,0,1
733,Force Majeure,2015,0,1
734,Forever Female,1954,1,1
735,Forrest Gump,1995,3,7
736,"Fortune Cookie, The",1967,0,1
737,"Fortune, The",1976,0,1
738,Foul Play,1979,0,7
739,Four Friends,1982,0,1
740,Four Guns to the Border,1955,0,1
741,"Four Poster, The",1953,0,1
742,"Four Seasons, The",1982,0,4
743,Four Weddings and a Funeral,1995,1,4
744,Foxcatcher,2015,0,3
745,Frances,1983,0,2
746,Frances Ha,2014,0,1
747,Frankenweenie,2013,0,1
748,Frankie & Johnny,1992,0,1
749,Frankie and Alice,2011,0,1
750,Freaky Friday (1976),1977,0,3
751,Freaky Friday (2003),2004,0,1
752,Freebie and The Bean,1975,0,1
753,French Connection II,1976,0,1
754,"French Connection, The",1972,3,4
755,"French Lieutenant's Woman, The",1982,1,3
756,French Twist,1996,0,1
757,Frenzy,1973,0,4
758,Frequency,2001,0,1
759,Freud,1963,0,4
760,Frida,2003,1,2
761,Fried Green Tomatoes,1992,0,3
762,Friendly Persuasion,1957,0,4
763,Friends (Foreign Language Film),1972,0,1
764,From Here to Eternity,1954,2,2
765,From Noon Till Three,1977,0,1
766,From Russia With Love,1965,0,1
767,From The Terrace,1961,1,2
768,"Front Page, The",1975,0,3
769,"Front, The",1977,0,1
770,Frost/Nixon,2009,0,5
771,Frozen,2014,1,2
772,"Fugitive, The",1994,1,3
773,Full Metal Jacket,1988,0,1
774,"Full Monty, The",1998,0,1
775,Funny Girl,1969,1,4
776,Funny Lady,1976,0,6
777,"Funny Thing Happened on the Way to the Forum, A",1967,0,1
778,Furious 7,2016,0,1
779,Gaby: A True Story,1988,0,2
780,Gallipoli,1982,0,1
781,Gambit,1967,0,3
782,"Gambler, The",1975,0,1
783,Gandhi,1983,5,5
784,Gangs of New York,2003,2,5
785,Garbo Talks,1985,0,1
786,Gaslight,1945,1,1
787,Gattaca,1998,0,1
788,"Gene Krupa Story, The",1959,0,1
789,Generation,1970,0,1
790,Genevieve,1955,1,1
791,"Gentleman Tramp, The",1976,0,1
792,Gentleman's Agreement,1948,4,4
793,Georgy Girl,1967,1,6
794,Get Out,2018,0,2
795,Get Out Your Handkerchiefs,1979,0,1
796,Get Shorty,1996,1,3
797,Get Yourself a College Girl!,1965,0,1
798,"Getaway, The",1973,0,1
799,Gett: The Trial of Viviane Amsalem,2015,0,1
800,Ghost,1991,1,4
801,Ghost World,2002,0,2
802,Ghostbusters,1985,0,3
803,Ghosts of Mississippi,1997,0,1
804,Giant,1957,0,4
805,Gigi,1959,3,6
806,Gigot,1963,0,1
807,Ginger & Fred,1987,0,1
808,Girl,2019,0,1
809,"Girl Can't Help It, The",1957,0,1
810,Girl Friends,1979,0,1
811,Girl With Green Eyes,1965,1,1
812,Girl With a Pearl Earring,2004,0,2
813,"Girl, Interrupted",2000,1,1
814,Girls in the Sun,1970,0,1
815,"Give 'Em Hell, Harry!",1976,0,1
816,Give My Regards To Broad Street,1985,0,1
817,Gladiator,2001,2,6
818,"Glass Menagerie, The",1988,0,1
819,Glengarry Glen Ross,1993,0,1
820,"Global Affair, A",1964,0,2
821,Gloria,1981,0,1
822,Glory,1990,1,5
823,"Glory Brigade, The",1954,1,1
824,Gnomeo & Juliet,2012,0,1
825,"Go-Between, The",1972,0,1
826,God's Little Acre,1959,0,1
827,"Godfather Part II, The",1975,0,6
828,"Godfather Part III, The",1991,0,7
829,"Godfather, The",1973,5,7
830,Gods and Monsters,1999,1,3
831,Goin' South,1979,0,1
832,Going Home,1972,0,1
833,Going My Way,1945,3,3
834,Gold,2017,0,1
835,Goldengirl,1980,0,1
836,Gomorrah,2009,0,1
837,Gone Baby Gone,2008,0,1
838,Gone Girl,2015,0,4
839,Good Bye Lenin!,2004,0,1
840,"Good Morning, Vietnam",1988,1,1
841,"Good Night, and Good Luck",2006,0,4
842,Good Will Hunting,1998,1,4
843,GoodFellas,1991,0,5
844,"Goodbye Girl, The",1978,3,5
845,"Goodbye, Children",1988,0,1
846,"Goodbye, Columbus",1970,1,3
847,"Goodbye, Mr. Chips",1970,1,3
848,Gorillas in the Mist: The Adventure of Dian Fossey,1989,1,3
849,Gorky Park,1984,0,1
850,Gosford Park,2002,1,5
851,Grace Is Gone,2008,0,2
852,"Graduate, The",1968,5,8
853,Gran Torino,2009,0,1
854,"Grand Budapest Hotel, The",2015,1,4
855,Grand Canyon,1992,0,1
856,Grand Prix,1967,0,2
857,Grandma,2016,0,1
858,"Grass is Greener, The",1961,0,2
859,Gravity,2014,1,4
860,Grease,1979,0,5
861,"Great Debaters, The",2008,0,1
862,"Great Escape, The",1964,0,1
863,"Great Gatsby, The",1975,1,4
864,"Great Man, The",1958,0,1
865,"Great Santini, The",1981,0,1
866,"Great Waltz, The",1973,0,1
867,"Great White Hope, The",1971,1,3
868,Green Book,2019,3,5
869,Green Card,1991,2,3
870,"Green Mile, The",2000,0,1
871,"Grey Fox, The",1984,0,2
872,"Grifters, The",1991,0,1
873,"Group, The",1967,0,1
874,"Guard, The",2012,0,1
875,Guarding Tess,1995,0,1
876,Guess Who's Coming To Dinner,1968,0,7
877,Guns at Batasi,1965,1,1
878,Guys and Dolls,1956,2,2
879,Gypsy,1963,1,5
880,Hacksaw Ridge,2017,0,3
881,"Hail, Hero!",1970,0,1
882,Hair,1980,1,2
883,Hairspray,2008,0,3
884,Hamlet (1948),1949,2,2
885,Hamlet (1964),1967,0,1
886,Hand In Hand,1961,1,1
887,"Hangover, The",2010,1,1
888,Hannah and Her Sisters,1987,1,5
889,Hans Christian Andersen,1953,0,2
890,Hanussen,1989,0,1
891,"Happiest Millionaire, The",1968,0,1
892,Happiness,1999,0,1
893,"Happy Ending, The",1970,0,3
894,Happy Feet,2007,1,2
895,"Happy Road, The",1958,1,1
896,Happy-Go-Lucky,2009,1,2
897,Harlow,1966,0,1
898,Harold and Maude,1972,0,2
899,Harry & Tonto,1975,1,2
900,Harry and The Butler,1962,0,1
901,Harvey,1951,1,2
902,"Hatful of Rain, A",1958,0,3
903,"Haunting, The",1964,0,1
904,Havana,1991,0,1
905,Hawaii,1967,2,3
906,"Hawaiians, The",1971,0,1
907,Hear My Song,1992,0,1
908,"Heart Is a Lonely Hunter, The",1969,0,4
909,Heart Like a Wheel,1984,0,1
910,"Heartbreak Kid, The",1973,0,3
911,Hearts and Minds,1975,0,1
912,Heaven & Earth,1994,1,1
913,Heaven Can Wait,1979,3,3
914,"Heaven Knows, Mr. Allison",1958,0,1
915,Hedda,1976,0,2
916,Hedwig and the Angry Inch,2002,0,1
917,Hell To Eternity,1961,0,1
918,Hell and High Water,1954,0,2
919,Hell or High Water,2017,0,3
920,"Hello, Dolly!",1970,0,5
921,Hemingway's Adventures of a Young Man,1963,0,5
922,Her,2014,1,3
923,Herbie Rides Again,1975,0,1
924,Hercules,1998,0,1
925,Here Comes The Groom,1952,0,1
926,Hero,2003,0,1
927,Heroes,1978,0,1
928,Hidden Figures,2017,0,2
929,"Hiding Place, The",1976,0,1
930,High And Low,1964,0,1
931,High Anxiety,1978,0,2
932,High Fidelity,2001,0,1
933,High Heels,1992,0,1
934,High Noon,1953,4,7
935,"High and The Mighty, The",1955,1,2
936,Hilary and Jackie,1999,0,1
937,Hiroshima Mon Amour,1961,0,1
938,Hit The Deck,1956,0,1
939,Hitchcock,2013,0,1
940,Hitler,1962,0,1
941,Hoffa,1993,0,1
942,Hollywoodland,2007,0,1
943,Home Alone,1991,0,2
944,Home Before Dark,1959,0,3
945,Home of the Brave,2007,0,1
946,Honeymoon In Vegas,1993,0,2
947,Honky,1972,0,1
948,Hook,1992,0,1
949,Hoosiers,1987,0,1
950,Hope Springs,2013,0,1
951,Hope and Glory,1988,1,3
952,Hopscotch,1981,0,1
953,"Horse Whisperer, The",1999,0,2
954,Hotel Rwanda,2005,0,3
955,Hotel Transylvania,2013,0,1
956,House of Flying Daggers,2005,0,1
957,House of Games,1988,0,1
958,House of Sand and Fog,2004,0,1
959,House of Usher,1961,0,1
960,Houseboat,1959,0,1
961,How To Train Your Dragon,2011,0,1
962,How to Train Your Dragon 2,2015,1,1
963,Howards End,1993,1,4
964,Hud,1964,0,5
965,Hugo,2012,1,3
966,"Hundred-Foot Journey, The",2015,0,1
967,"Hurricane, The",2000,1,3
968,Hurry Sundown,1968,0,1
969,"Hurt Locker, The",2010,0,3
970,Husbands,1971,0,1
971,Husbands and Wives,1993,0,1
972,"Hush...Hush, Sweet Charlotte",1965,1,1
973,Hustle & Flow,2006,0,1
974,Hyde Park on Hudson,2013,0,1
975,I Am Love,2011,0,1
976,I Even Met Happy Gypsies,1969,0,1
977,I Love My Wife,1971,0,1
978,"I Love You, Alice B. Toklas!",1969,0,1
979,I Never Promised You a Rose Garden,1978,0,2
980,I Never Sang For My Father,1971,0,2
981,I Remember Mama,1949,1,1
982,I Want To Live!,1959,1,3
983,I am a Dancer,1975,0,1
984,I'll Cry Tomorrow,1956,1,1
985,I'll See You in My Dreams,1953,0,1
986,I'm Not There,2008,1,1
987,I've Loved You So Long,2009,0,2
988,"I, Tonya",2018,1,3
989,Ice Castles,1980,0,2
990,"Ice Storm, The",1998,0,1
991,Ida,2015,0,1
992,"Ideal Husband, An",2000,0,2
993,"Ides of March, The",2012,0,4
994,"Idolmaker, The",1981,1,2
995,If Beale Street Could Talk,2019,1,3
996,"If It's Tuesday, This Must Be Belgium",1970,0,1
997,If a Man Answers,1963,0,2
998,If....,1970,0,1
999,Igby Goes Down,2003,0,2
1000,"Illusionist, The",2011,0,1
1001,Images,1973,0,1
1002,Imitation of Life,1960,1,2
1003,Impossible On Saturday,1967,0,1
1004,"Impossible, The",2013,0,1
1005,In & Out,1998,0,2
1006,In A Better World,2011,1,1
1007,In America,2004,0,2
1008,In Bruges,2009,1,3
1009,In Cold Blood,1968,0,1
1010,In Country,1990,0,1
1011,In Her Shoes,2006,0,1
1012,In Love and War - 1958,1959,1,1
1013,In The Fade,2018,1,1
1014,In The Land Of Blood And Honey,2012,0,1
1015,In the Bedroom,2002,1,3
1016,In the Heat of the Night,1968,3,7
1017,In the Line of Fire,1994,0,1
1018,In the Name of the Father,1994,0,4
1019,Inception,2011,0,4
1020,"Incredible Sarah, The",1977,0,1
1021,Incredibles 2,2019,0,1
1022,"Incredibles, The",2005,0,1
1023,Indiana Jones and The Last Crusade,1990,0,1
1024,Indiscreet,1959,0,3
1025,Indochine,1993,1,1
1026,Infinitely Polar Bear,2016,0,1
1027,Inglourious Basterds,2010,1,4
1028,Inherent Vice,2015,0,1
1029,Inherit the Wind (TV - 1999),2000,1,1
1030,Inherit the Wind - 1960,1961,1,3
1031,"Inn of the Sixth Happiness, The",1959,1,3
1032,Inside Daisy Clover,1966,2,3
1033,Inside Llewyn Davis,2014,0,3
1034,Inside Out,2016,1,1
1035,Interiors,1979,0,4
1036,"Interns, The",1963,0,2
1037,Interstellar,2015,0,1
1038,Interview with the Vampire (The Vampire Chronicles),1995,0,2
1039,Into The Wild,2008,1,2
1040,Into the Woods,2015,0,3
1041,Intruder In The Dust,1950,0,2
1042,Investigation of a Citizen Above Suspicion,1971,0,1
1043,Invictus,2010,0,3
1044,Iris,2002,1,3
1045,Irma La Douce,1964,1,3
1046,"Iron Lady, The",2012,1,1
1047,Ironweed,1988,0,1
1048,Irreconcilable Differences,1985,0,2
1049,Is Paris Burning?,1967,0,1
1050,Isadora,1969,0,1
1051,Island of the Blue Dolphins,1965,0,1
1052,Isle of Dogs,2019,0,2
1053,It Came From Outer Space,1954,0,1
1054,It Started in Naples,1961,0,2
1055,It's A Wonderful Life,1947,1,1
1056,It's Complicated,2010,0,3
1057,"It's a Mad, Mad, Mad, Mad World",1964,0,2
1058,"Italian Job, The",1970,0,1
1059,Ivanhoe,1953,0,2
1060,J. Edgar,2012,0,1
1061,JFK,1992,1,4
1062,Jackie,2017,0,1
1063,Jackie Brown,1998,0,2
1064,Jacknife,1990,0,1
1065,Jacqueline Susann's Once Is Not Enough,1976,1,1
1066,Janis,1975,0,1
1067,Jaws,1976,1,4
1068,"Jazz Singer, The",1981,0,3
1069,Jean De Florette,1988,0,1
1070,Jenny,1971,0,1
1071,Jeremy,1974,0,1
1072,Jerry Maguire,1997,1,3
1073,Jesus Christ Superstar,1974,0,6
1074,Jesus of Montreal,1990,0,1
1075,Joanna,1969,0,1
1076,John Carpenter's Starman,1985,0,2
1077,John Grisham's The Rainmaker,1998,0,1
1078,John and Mary,1970,0,3
1079,Johnny Belinda,1949,2,2
1080,Johnny Got His Gun,1972,0,1
1081,"Jokers, The",1968,0,1
1082,Jonathan Livingston Seagull,1974,1,2
1083,Joseph Andrews,1978,0,1
1084,Joy,2016,1,2
1085,Joyeux Noel (Merry Christmas),2006,0,1
1086,"Judge, The",2015,0,1
1087,Judgment at Nuremberg,1962,2,6
1088,Julie & Julia,2010,1,2
1089,Juliet of the Spirits,1966,1,1
1090,Junior,1995,0,3
1091,Juno,2008,0,3
1092,Justiz,1994,0,1
1093,Kagemusha (The Shadow Warrior),1981,0,1
1094,Kansas City Bomber,1973,0,1
1095,"Karate Kid Part II, The",1987,0,1
1096,"Karate Kid, The",1985,0,1
1097,Kate & Leopold,2002,1,2
1098,Kazablan,1974,0,2
1099,"Kid From Left Field, The",1954,0,2
1100,"Kids Are All Right, The",2011,2,4
1101,Kiiroi karasu (Yellow Crow),1958,0,1
1102,Kill Bill (Vol. 1),2004,0,1
1103,Kill Bill Vol. 2,2005,0,2
1104,"Killing Fields, The",1985,1,6
1105,"Killing of Sister George, The",1969,0,1
1106,King Kong (2005),2006,0,2
1107,King Of Kings,1962,0,1
1108,King Solomon's Mines,1951,1,1
1109,"King and I, The",1957,2,4
1110,King of the Gypsies,1979,0,1
1111,Kinky Boots,2007,0,1
1112,Kinsey,2005,0,3
1113,Kiss Me Goodbye,1983,0,1
1114,Kiss Of Death,1948,1,1
1115,Kiss of the Spider Woman,1986,0,4
1116,Klute,1972,1,2
1117,Kolya,1997,1,1
1118,Kon Tiki,2013,0,1
1119,Kotch,1972,1,4
1120,Kramer vs. Kramer,1980,4,8
1121,Kubo and the Two Strings,2017,0,1
1122,Kundun,1998,0,1
1123,Kung Fu Hustle,2006,0,1
1124,Kung Fu Panda,2009,0,1
1125,L'eau vive (Girl And The River),1959,0,1
1126,"L-Shaped Room, The",1964,1,2
1127,L.A. Confidential,1998,1,5
1128,"LEGO Movie, The",2015,0,1
1129,La Bamba,1988,0,1
1130,La La Land,2017,7,7
1131,La Vie En Rose,2008,1,1
1132,La ronde (Circle Of Love),1966,0,1
1133,La vérité (The Truth),1961,1,1
1134,Labor Day,2014,0,1
1135,Lacombe Lucien,1975,0,1
1136,Lady Bird,2018,2,4
1137,Lady Sings the Blues,1973,1,3
1138,Lady in a Cage,1966,0,1
1139,"Lady in the Van, The",2016,0,1
1140,"Landlord, The",1971,0,1
1141,Lars and the Real Girl,2008,0,1
1142,Last Chance Harvey,2009,0,2
1143,"Last Detail, The",1974,0,2
1144,"Last Emperor, The",1988,4,5
1145,"Last King of Scotland, The",2007,1,1
1146,"Last Metro, The",1981,0,1
1147,"Last Of The Mohicans, The",1993,0,1
1148,"Last Picture Show, The",1972,1,6
1149,"Last Station, The",2010,0,2
1150,Last Tango in Paris,1974,0,2
1151,"Last Temptation of Christ, The",1989,0,2
1152,"Late Show, The",1978,0,1
1153,Lawrence Of Arabia,1963,4,9
1154,Le Mans,1972,0,1
1155,Lea,1998,0,1
1156,"League of Their Own, A",1993,0,2
1157,Leaving Las Vegas,1996,1,4
1158,Legally Blonde,2002,0,2
1159,Legends of the Fall,1995,0,4
1160,"Leisure Seeker, The ",2018,0,1
1161,Lemon Popsicle,1979,0,1
1162,Lenny,1975,0,3
1163,"Leopard, The",1964,0,1
1164,Les Girls,1958,2,3
1165,Les Misérables,1996,1,1
1166,Les Misérables,2013,3,4
1167,Let's Make Love,1961,0,1
1168,Letters from Iwo Jima,2007,1,2
1169,Leviathan,2015,1,1
1170,Li'l Abner,1960,0,1
1171,Liar Liar,1998,0,1
1172,"Liberation of L. B. Jones, The",1971,0,1
1173,Lies My Father Told Me,1976,1,2
1174,Life With Father,1948,1,1
1175,"Life and Times of Judge Roy Bean, The",1973,0,2
1176,Life as a House,2002,0,1
1177,Life of Pi,2013,1,3
1178,"Light in the Forest, The",1959,0,1
1179,Like Two Crocodiles,1996,0,1
1180,Like Water for Chocolate,1993,0,1
1181,Lili,1954,1,1
1182,Lilies of the Field,1964,2,4
1183,Lilith,1965,0,1
1184,Lincoln,2013,1,7
1185,Lion,2017,0,4
1186,Lipstick,1977,0,1
1187,Lisa,1963,0,1
1188,Little Big Man,1971,0,1
1189,Little Boy Lost,1954,1,1
1190,Little Children,2007,0,3
1191,Little Dorrit,1989,0,1
1192,Little Fauss and Big Halsey,1971,0,1
1193,"Little Mermaid, The",1990,2,4
1194,Little Miss Sunshine,2007,0,2
1195,"Little Prince, The",1975,1,4
1196,"Little Romance, A",1980,0,2
1197,Little Shop of Horrors,1987,0,2
1198,Little Voice,1999,1,3
1199,Live For Life,1968,1,3
1200,"Living Desert, The",1954,1,1
1201,Living Free,1973,0,1
1202,Lolita,1963,0,5
1203,Lone Star,1997,0,1
1204,Lonelyhearts,1959,0,1
1205,Long Ago Tomorrow,1972,0,2
1206,Long Day's Journey Into Night (1962),1963,0,1
1207,"Longest Day, The",1963,1,2
1208,Longtime Companion,1991,1,1
1209,Look Back In Anger,1960,0,1
1210,Looking For Mr. Goodbar,1978,0,1
1211,"Lord of the Rings, The",1979,0,1
1212,"Lord of the Rings: The Two Towers, The",2003,0,2
1213,Lorenzo's Oil,1993,0,1
1214,Lost in Siberia,1992,0,1
1215,Lost in Translation,2004,3,5
1216,Louisa,1951,0,1
1217,Love,1974,0,1
1218,Love & Mercy,2016,0,2
1219,Love & Other Drugs,2011,0,2
1220,Love Actually,2004,0,2
1221,Love Child,1983,0,1
1222,Love Field,1993,0,1
1223,Love Is A Many-Splendored Thing,1956,1,1
1224,"Love Song For Bobby Long, A",2005,0,1
1225,Love Story,1971,5,7
1226,Love at First Bite,1980,0,1
1227,Love in the Afternoon,1958,0,3
1228,Love in the Time of Cholera,2008,0,1
1229,Love with the Proper Stranger,1964,0,2
1230,Loveless,2018,0,1
1231,"Lovely Bones, The",2010,0,1
1232,Lover Come Back,1962,0,1
1233,Lovers and Other Strangers,1971,0,1
1234,Loves of a Blonde,1967,0,1
1235,Loving,2017,0,2
1236,Loving Vincent,2018,0,1
1237,Lucky Lady,1976,0,1
1238,Luna,1980,0,1
1239,Luna e l'Altra,1997,0,1
1240,Lust For Life,1957,1,4
1241,"Lust, Caution",2008,0,1
1242,M*A*S*H,1971,1,6
1243,Ma Vie en Rose,1998,1,1
1244,MacArthur,1978,0,1
1245,Machine Gun Preacher,2012,0,1
1246,"Mad Adventures of 'Rabbi' Jacob, The",1975,0,1
1247,Mad Max Beyond Thunderdome,1986,0,1
1248,Mad Max:Fury Road,2016,0,2
1249,Madame Bovary,1992,0,1
1250,Madame Bovary,2001,0,1
1251,Madame Rosa,1978,0,1
1252,Madame Sousatzka,1989,0,2
1253,Madron,1971,0,1
1254,Magic,1979,0,1
1255,"Magnificent Seven, The",1961,0,1
1256,Magnolia,2000,1,2
1257,"Main Event, The",1980,0,1
1258,Making Love,1983,0,1
1259,Malcolm X,1993,0,1
1260,Malèna,2001,0,2
1261,"Mambo Kings, The",1993,0,1
1262,Mame,1975,0,2
1263,Mamma Mia!,2009,0,2
1264,"Man From The Alamo, The",1954,0,1
1265,"Man Who Wasn't There, The",2002,0,3
1266,"Man Who Would Be King, The",1976,0,1
1267,"Man from Snowy River, The",1983,0,1
1268,"Man in the Glass Booth, The",1976,0,1
1269,Man of La Mancha,1973,0,2
1270,Man on the Moon,2000,1,2
1271,Manchester by the Sea,2017,1,5
1272,"Manchurian Candidate (2004), The",2005,0,1
1273,"Manchurian Candidate, The",1963,1,2
1274,Mandela: Long Walk to Freedom,2014,1,3
1275,Manhattan,1980,0,1
1276,Manhattan Murder Mystery,1994,0,1
1277,Mannequin,1988,0,1
1278,"Map of the World, A",2000,0,1
1279,Maps To The Stars,2015,0,1
1280,Marathon Man,1977,1,5
1281,Marjoe,1973,0,1
1282,Marriage Italian Style,1965,1,3
1283,"Marriage of Maria Braun, The",1980,0,1
1284,"Marriage-Go-Round, The",1961,0,1
1285,Married to the Mob,1989,0,1
1286,Marty,1956,1,1
1287,Marvin's Room,1997,0,1
1288,Mary Poppins,1965,1,4
1289,Mary Poppins Returns,2019,0,4
1290,"Mary, Queen of Scots",1972,0,5
1291,Mask,1986,0,2
1292,"Mask of Zorro, The",1999,0,2
1293,"Mask, The",1995,0,1
1294,"Master Gunfighter, The",1976,0,1
1295,Master and Commander: The Far Side of the World,2004,0,3
1296,"Master, The",2013,0,3
1297,"Matador, The",2006,0,1
1298,Match Point,2006,0,4
1299,"Mating Season, The",1952,0,1
1300,Maxie,1986,0,1
1301,Mayerling,1970,0,1
1302,Me and the Colonel,1959,1,3
1303,"Me, Natalie",1970,1,1
1304,Meet The Parents,2001,0,1
1305,Melvin and Howard,1981,1,4
1306,"Member of the Wedding, The",1953,1,1
1307,Memento,2002,0,1
1308,Memoirs of a Geisha,2006,1,2
1309,"Memory of Justice, The",1977,0,1
1310,Men With Guns,1999,0,1
1311,Men in Black,1998,0,1
1312,Meredith Willson's The Music Man,1963,1,6
1313,Mermaids,1991,0,1
1314,"Messenger, The",2010,0,1
1315,Michael Clayton,2008,0,4
1316,Michael Collins,1997,0,2
1317,Micki & Maude,1985,1,2
1318,Middle of the Night,1960,0,1
1319,Midnight Cowboy,1970,1,7
1320,Midnight Express,1979,6,8
1321,Midnight In Paris,2012,1,4
1322,Midnight Lace,1961,0,1
1323,Midnight Run,1989,0,2
1324,Mighty Aphrodite,1996,1,1
1325,"Mighty Heart, A",2008,0,1
1326,"Milagro Beanfield War, The",1989,0,1
1327,Milk,2009,0,1
1328,Million Dollar Baby,2005,2,5
1329,Miracle On 34th Street,1948,2,2
1330,Mirage,1973,0,1
1331,Mirai,2019,0,1
1332,Misery,1991,1,1
1333,Miss Congeniality,2001,0,2
1334,Miss Potter,2007,0,1
1335,Miss Sloane,2017,0,1
1336,Missing,1983,0,5
1337,"Mission, The",1987,2,5
1338,Mississippi Burning,1989,0,4
1339,Mister 880,1951,1,1
1340,Moana,2017,0,2
1341,Mogambo,1954,1,1
1342,Molly and Lawless John,1973,0,1
1343,Molly's Game,2018,0,2
1344,Mona Lisa,1987,1,4
1345,Mona Lisa Smile,2004,0,1
1346,Money From Home,1954,0,2
1347,Moneyball,2012,0,4
1348,Monkey Business,1953,0,1
1349,Monsieur Ibrahim,2004,0,1
1350,Monsieur Vincent,1950,0,1
1351,Monsoon Wedding,2002,0,1
1352,Monster,2004,1,1
1353,Monster House,2007,0,1
1354,Monster's Ball,2002,0,1
1355,"Month by the Lake, A",1996,0,1
1356,Moon Over Parador,1989,0,2
1357,Moonlight,2017,1,6
1358,Moonrise Kingdom,2013,0,1
1359,Moonstruck,1988,2,5
1360,Morgan!,1967,0,2
1361,Moscow on the Hudson,1985,0,1
1362,"Mosquito Coast, The",1987,0,2
1363,Mother,1997,0,1
1364,Moulin Rouge,1953,1,1
1365,Moulin Rouge!,2002,3,6
1366,Mourning Becomes Electra,1948,1,1
1367,"Mouse on the Moon, The",1964,0,1
1368,"Move Over, Darling",1964,0,1
1369,Movie Movie,1979,0,3
1370,"Movies That Made Us, The",1974,0,1
1371,Mr. & Mrs. Bridge,1991,0,1
1372,Mr. Hobbs Takes a Vacation,1963,0,1
1373,Mr. Holland's Opus,1996,0,2
1374,Mr. Saturday Night,1993,0,2
1375,Mrs. Brown,1998,1,1
1376,Mrs. Doubtfire,1994,2,2
1377,Mrs. Henderson Presents,2006,0,3
1378,Mrs. Parker and The Vicious Circle,1995,0,1
1379,Mrs. Parkington,1945,1,1
1380,Mrs. Soffel,1985,0,1
1381,Much Ado About Nothing,1994,0,1
1382,Mudbound,2018,0,2
1383,Mulan,1999,0,2
1384,Mulholland Dr.,2002,0,4
1385,Munich,2006,0,2
1386,"Muppet Movie, The",1980,0,1
1387,Murder by Death,1977,0,1
1388,"Murder, Inc.",1961,0,1
1389,Muriel's Wedding,1996,0,1
1390,Murphy's Romance,1986,0,2
1391,"Muse, The",2000,0,1
1392,Music Box,1990,0,1
1393,Music of the Heart,2000,0,1
1394,Mustang,2016,0,1
1395,Mustang: The House That Joe Built,1976,0,1
1396,Mutiny on the Bounty,1963,0,3
1397,My Best Friend's Wedding,1998,0,3
1398,My Big Fat Greek Wedding,2003,0,2
1399,My Brilliant Career,1981,0,1
1400,My Cousin Rachel,1953,1,2
1401,My Fair Lady,1965,4,5
1402,My Favorite Year,1983,0,3
1403,My Left Foot,1990,0,2
1404,My Life as a Dog,1988,1,1
1405,My Life as a Zucchini,2017,0,1
1406,My Man Godfrey,1958,0,1
1407,My Pal Gus,1953,0,1
1408,My Six Convicts,1953,1,1
1409,My Uncle's Legacy,1990,0,1
1410,My Week With Marilyn,2012,1,3
1411,Mystic River,2004,2,5
1412,Nashville,1976,1,11
1413,"Nasty Girl, The",1991,0,1
1414,Natural Born Killers,1995,0,1
1415,"Natural, The",1985,0,1
1416,Navajo,1953,1,2
1417,Nebraska,2014,0,5
1418,Nell,1995,0,3
1419,Neruda,2017,0,1
1420,Network,1977,4,5
1421,Never Look Away,2019,0,1
1422,Never On Sunday,1961,1,1
1423,Never Say Never Again,1984,0,1
1424,"New Interns, The",1965,0,1
1425,"New Kind of Love, A",1964,0,1
1426,"New Land, The",1973,0,1
1427,"New Leaf, A",1972,0,2
1428,"New York, New York",1978,0,4
1429,"Next Stop, Greenwich Village",1977,0,2
1430,Nicholas Nickleby,2003,0,1
1431,Nicholas and Alexandra,1972,0,3
1432,Night Shift,1983,0,1
1433,"Night of the Iguana, The",1965,0,5
1434,Nightcrawler,2015,0,1
1435,Nine,2010,0,5
1436,Nine to Five (1980),1981,0,3
1437,"Ninth Configuration, The",1981,1,3
1438,Nixon,1996,0,1
1439,No Country for Old Men,2008,2,4
1440,No Man's Land,2002,1,1
1441,No Way Back,1955,0,1
1442,Noah,2015,0,1
1443,Nobody's Fool,1995,0,1
1444,Nocturnal Animals,2017,1,3
1445,Nomad: The Warrior,2007,0,1
1446,Norma Rae,1980,1,3
1447,North Country,2006,0,2
1448,Norwood,1971,0,1
1449,"Not With My Wife, You Don't",1967,0,1
1450,Notes On a Scandal,2007,0,3
1451,Notting Hill,2000,0,3
1452,Nowhere In Africa,2003,0,1
1453,"Nun's Story, The",1960,0,6
1454,Nurse Betty,2001,1,1
1455,Nuts,1988,0,3
1456,"Nutty Professor, The",1997,0,1
1457,"O Brother, Where Art Thou?",2001,1,2
1458,O Lucky Man!,1974,0,1
1459,"Odd Couple, The (1968)",1969,0,3
1460,Odd Obsession,1960,0,1
1461,Odds Against Tomorrow,1960,0,1
1462,"Officer and a Gentleman, An",1983,2,8
1463,"Official Story, The",1986,1,1
1464,Oh! What a Lovely War,1970,1,1
1465,Oklahoma Crude,1974,0,1
1466,"Old Man & the Gun, The",2019,0,1
1467,"Old Man and the Sea, The",1959,0,1
1468,Oliver & Company,1989,0,1
1469,Oliver!,1969,2,6
1470,"Omen, The",1977,0,1
1471,On Golden Pond,1982,3,6
1472,On Her Majesty's Secret Service,1970,0,1
1473,On The Beach,1960,1,5
1474,On The Riviera,1952,1,1
1475,On The Town,1950,0,1
1476,On the Waterfront,1955,4,4
1477,Once Upon a Time in America,1985,0,2
1478,One Chance,2014,0,1
1479,One Fine Day,1997,0,1
1480,One Flew Over The Cuckoo's Nest,1976,6,6
1481,One Hundred Steps,2001,0,1
1482,One Is a Lonely Number,1973,0,1
1483,One True Thing,1999,0,1
1484,"One, Two, Three",1962,0,2
1485,"Onion Field, The",1980,0,1
1486,Only When I Laugh,1982,1,3
1487,Opening Night,1978,0,2
1488,Operation Petticoat,1960,0,2
1489,"Opposite Sex, The",1957,0,1
1490,"Opposite of Sex, The",1999,0,1
1491,Ordet,1956,0,1
1492,Ordinary People,1981,5,8
1493,Osama,2004,1,1
1494,Otello,1987,0,1
1495,Othello,1966,0,4
1496,"Other Half Of The Sky: a China Memoir, The",1976,0,1
1497,"Other Side of the Mountain, The",1976,1,4
1498,"Others, The",2002,0,1
1499,Our Man in Havana,1961,0,1
1500,Out of Africa,1986,3,6
1501,"Out-of-Towners, The",1971,0,2
1502,Outrageous Fortune,1988,0,1
1503,"Owl and The Pussycat, The",1971,0,1
1504,"Pad, The",1967,1,1
1505,Paint Your Wagon,1970,0,2
1506,Pal Joey,1958,1,2
1507,Pan's Labyrinth,2007,0,1
1508,Paper Lion,1969,0,1
1509,"Paper Man, The",1964,0,1
1510,Paper Moon,1974,1,6
1511,Paper Tiger,1976,0,1
1512,"Paperboy, The",2013,0,1
1513,Papillon,1974,0,1
1514,Paradise Now,2006,1,1
1515,Pardon Mon Affaire,1978,0,1
1516,"Parent Trap, The",1962,0,1
1517,Parenthood,1990,0,3
1518,"Paris, Texas",1985,0,1
1519,"Passage to India, A",1985,3,5
1520,Passion Fish,1993,0,2
1521,Pat and Mike,1953,0,2
1522,Patch Adams,1999,0,2
1523,"Patch of Blue, A",1966,1,6
1524,Patton,1971,1,3
1525,"Pawnbroker, The",1966,0,1
1526,Pearl Harbor,2002,0,2
1527,"Pedestrian, The",1974,1,1
1528,Peggy Sue Got Married,1987,0,2
1529,Pelle The Conqueror,1989,1,1
1530,Pennies from Heaven,1982,1,3
1531,People of the Wind,1977,0,1
1532,"People vs. Larry Flynt, The",1997,2,5
1533,Pepe,1961,0,3
1534,Period of Adjustment,1963,0,2
1535,Persepolis,2008,0,1
1536,Pete 'n' Tillie,1973,0,3
1537,Pete's Dragon,1978,0,1
1538,Peyton Place,1958,0,3
1539,Phaedra ,1963,0,1
1540,Phantom Thread,2018,0,2
1541,Phantom of the Paradise,1975,0,1
1542,Phffft!,1955,0,1
1543,Philadelphia,1994,2,3
1544,Philomena,2014,0,3
1545,"Pianist, The",2003,0,2
1546,Picnic,1956,1,1
1547,Pictura ,1952,1,1
1548,Pieces of April,2004,0,1
1549,Pieces of Dreams,1971,0,1
1550,Pillow Talk,1960,0,3
1551,Pineapple Express,2009,0,1
1552,"Pink Panther Strikes Again, The",1977,0,2
1553,"Pink Panther, The",1965,0,1
1554,Pipe Dreams,1977,0,2
1555,"Pirates of Penzance, The",1984,0,1
1556,Pirates of the Caribbean: Dead Man's Chest,2007,0,1
1557,Pirates of the Caribbean: The Curse of the Black Pearl,2004,0,1
1558,Pixote,1982,0,1
1559,Places in the Heart,1985,1,3
1560,Platinum High School,1960,0,1
1561,Platoon,1987,3,4
1562,Play It as It Lays,1973,0,1
1563,Play Misty for Me,1972,0,1
1564,"Player, The",1993,2,4
1565,Players,1980,0,1
1566,Plaza Suite,1972,0,2
1567,"Pleasure of His Company, The",1962,0,1
1568,"Plunderers, The",1961,0,1
1569,Pocahontas,1996,1,2
1570,Pocketful of Miracles,1962,2,4
1571,Poetic Justice,1994,0,1
1572,"Policeman, The",1972,1,1
1573,Pollyanna,1961,0,1
1574,Poor Cow,1969,0,1
1575,Popi,1970,0,1
1576,Porgy and Bess,1960,1,3
1577,"Portrait of a Lady, The",1997,0,1
1578,"Poseidon Adventure, The",1973,1,4
1579,Postcards From The Edge,1991,0,3
1580,Precious: Based On The Novel Push By Sapphire,2010,1,3
1581,Pressure Point,1963,0,1
1582,Pretty Woman,1991,1,4
1583,Prick Up Your Ears,1988,0,1
1584,Pride,2015,0,1
1585,Pride & Prejudice,2006,0,2
1586,Primal Fear,1997,1,1
1587,Primary Colors,1999,0,2
1588,"Prime of Miss Jean Brodie, The",1970,1,3
1589,"Prince of Tides, The",1992,1,3
1590,Prince of the City,1982,0,3
1591,"Princess And The Frog, The",2010,0,1
1592,Prisoner of the Mountains,1997,0,1
1593,Private Benjamin,1981,0,1
1594,"Private War, A",2019,0,2
1595,"Private's Affair, A",1960,1,2
1596,"Prize, The",1964,0,2
1597,Prizzi's Honor,1986,4,6
1598,"Producers, The (1967)",1969,0,2
1599,"Professionals, The",1967,0,2
1600,Promise at Dawn,1971,0,2
1601,Promises In The Dark,1980,0,2
1602,Proof,2006,0,1
1603,"Proposal, The",2010,0,1
1604,"Proud Rebel, The",1959,1,3
1605,Psycho,1961,1,1
1606,Pulp Fiction,1995,1,6
1607,"Pumpkin Eater, The",1965,1,1
1608,Punch-Drunk Love,2003,0,1
1609,"Purple Rose of Cairo, The",1986,1,4
1610,Puss In Boots,2012,0,1
1611,"Pussycat, Pussycat, I Love You",1971,0,1
1612,Puzzle of a Downfall Child,1971,0,1
1613,Q & A,1991,0,1
1614,Quartet,2013,0,1
1615,"Queen Is Crowned, A",1954,1,1
1616,Queen Margot,1995,0,1
1617,"Queen, The",2007,2,4
1618,Quest For Camelot: The Magic Sword,1999,1,1
1619,Quest For Fire,1983,0,1
1620,"Quiet American, The",2003,0,1
1621,"Quiet Place, A",2019,0,1
1622,Quills,2001,0,2
1623,Quiz Show,1995,0,4
1624,Quo Vadis?,1952,2,3
1625,Rabbit Hole,2011,0,1
1626,Rabbit-Proof Fence,2003,0,1
1627,Rachel Getting Married,2009,0,1
1628,"Rachel, Rachel",1969,2,2
1629,Raggedy Man,1982,0,1
1630,Raging Bull,1981,1,7
1631,Ragtime,1982,0,7
1632,Raiders of the Lost Ark,1982,0,1
1633,Rain Man,1989,2,4
1634,"Rainmaker, The",1957,1,4
1635,Raintree County,1958,0,1
1636,"Raisin in the Sun, A",1962,0,2
1637,Ralph Breaks the Internet,2019,0,1
1638,Rambling Rose,1992,0,2
1639,Ran,1986,0,1
1640,Rango,2012,0,1
1641,Ransom,1997,0,1
1642,Ratatouille,2008,1,1
1643,Ray,2005,1,2
1644,"Reader, The",2009,1,4
1645,Ready to Wear,1995,0,2
1646,Rebel Without a Cause,1957,0,1
1647,Red,2011,0,1
1648,Red Beard,1966,0,1
1649,Red Sky at Morning,1972,1,1
1650,"Red Tent, The",1972,0,1
1651,Reds,1982,1,7
1652,"Reivers, The",1970,0,2
1653,Remo Williams: The Adventure Begins,1986,0,1
1654,Repentance,1988,0,1
1655,Requiem For Dominic,1991,0,1
1656,Requiem For a Dream,2001,0,1
1657,Resurrection,1981,0,1
1658,"Return of the Pink Panther, The",1976,0,3
1659,"Reuben, Reuben",1984,0,3
1660,Reversal of Fortune,1991,1,4
1661,Revolutionary Road,2009,1,4
1662,Richard III,1996,0,1
1663,Richard III  (1955),1957,1,1
1664,Rider on the Rain,1971,1,1
1665,Ridicule,1997,0,1
1666,"Right Stuff, The",1984,0,1
1667,Rio Bravo,1959,0,1
1668,Rio Bravo,1960,1,1
1669,Rio Conchos,1965,0,1
1670,Rise of the Guardians,2013,0,1
1671,Risky Business,1984,0,1
1672,"Ritz, The",1977,0,3
1673,"River Runs Through It, A",1993,0,1
1674,"River Wild, The",1995,0,2
1675,"River, The",1985,0,1
1676,"River, The (1984)",1985,0,1
1677,Road to Perdition,2003,0,1
1678,Rob Roy,1996,0,1
1679,"Robe, The",1954,1,1
1680,Robin Hood: Prince of Thieves,1992,0,2
1681,Rocky,1977,1,6
1682,Rocky III,1983,0,1
1683,Rogues' Gallery,1968,0,1
1684,Roma,2019,2,3
1685,Roman Holiday,1954,1,1
1686,"Roman J. Israel, Esq.",2018,0,1
1687,Romancing the Stone,1985,2,2
1688,Rome Adventure,1963,0,1
1689,Romeo And Juliet (1966),1967,0,1
1690,Romeo and Juliet,1969,3,5
1691,Room,2016,1,3
1692,Room At The Top,1960,1,2
1693,"Room with a View, A",1987,1,3
1694,Rope of Sand,1950,0,1
1695,"Rose Garden, The",1990,0,1
1696,"Rose Tattoo, The",1956,2,2
1697,"Rose, The",1980,3,5
1698,Roseland,1978,0,1
1699,Rosemary,1959,1,1
1700,Rosemary's Baby,1969,1,4
1701,Roxanne,1988,0,1
1702,"Royal Tenenbaums, The",2002,1,1
1703,Rules Don't Apply,2017,0,1
1704,"Ruling Class, The",1973,0,1
1705,Rumble Fish,1984,0,1
1706,Runaway Train,1986,1,3
1707,Running Scared,1987,0,1
1708,Running With Scissors,2007,0,1
1709,Running on Empty,1989,1,5
1710,Rush,2014,0,2
1711,Rush (1991),1992,0,1
1712,Rushmore,1999,0,1
1713,Russia,1973,0,1
1714,"Russia House, The",1991,0,1
1715,"Russians Are Coming, The Russians Are Coming, The",1967,2,5
1716,Rust and Bone,2013,0,2
1717,Ruthless People,1987,0,1
1718,Ryan's Daughter,1971,1,3
1719,S. O. B.,1982,0,1
1720,Sabrina,1955,1,1
1721,Sabrina (1995),1996,0,3
1722,"Sailor Who Fell From Grace With The Sea, The",1977,0,2
1723,Salaam Bombay!,1989,0,1
1724,Sallah,1965,0,1
1725,Salmon Fishing in the Yemen,2013,0,3
1726,"Same Time, Next Year",1979,1,3
1727,Samson and Delilah,1951,0,1
1728,Sapporo Winter Olympics,1973,0,1
1729,Saturday Night Fever,1978,0,4
1730,"Savages, The",2008,0,1
1731,Save the Tiger,1974,0,3
1732,Saving Grace,2001,0,1
1733,Saving Mr. Banks,2014,0,1
1734,Saving Private Ryan,1999,2,5
1735,Say One For Me,1960,0,2
1736,Sayonara,1958,2,6
1737,"Scalphunters, The",1969,0,1
1738,Scandal,1990,0,1
1739,Scarface,1984,0,3
1740,Scenes From a Marriage,1975,1,2
1741,Scent of a Woman,1993,3,4
1742,Schindler's List,1994,3,6
1743,"School of Rock, The",2004,0,1
1744,Schtonk!,1993,0,1
1745,Scrooge,1971,1,5
1746,Sea of Love,1990,0,1
1747,Seabiscuit,2004,0,2
1748,"Second Gun, The",1974,0,1
1749,"Secret of My Success, The",1988,0,1
1750,"Secret of Santa Vittoria, The",1970,1,6
1751,Secretary,2003,0,1
1752,Secrets & Lies,1997,1,3
1753,Selena,1998,0,1
1754,Selma,2015,1,4
1755,Sense and Sensibility,1996,2,6
1756,Separate Tables,1959,1,5
1757,September Affair,1952,1,1
1758,"Serious Man, A",2010,0,1
1759,Serpico,1974,1,2
1760,"Sessions, The",2013,0,2
1761,Seven Beauties,1977,0,1
1762,Seven Brides for Seven Brothers,1955,0,1
1763,Seven Days In May,1964,0,1
1764,Seven Days In May,1965,0,3
1765,"Seven Minutes, The",1972,0,1
1766,"Seven Year Itch, The",1956,1,1
1767,Seven Years in Tibet,1998,0,1
1768,"Sex, Lies, and Videotape",1990,0,3
1769,Sexy Beast,2002,0,1
1770,Shadow of the Vampire,2001,0,1
1771,Shaft,1972,1,3
1772,Shakespeare in Love,1999,3,6
1773,Shame,1969,0,1
1774,Shame,2012,0,1
1775,Shampoo,1976,0,5
1776,Shanghai Triad,1996,0,1
1777,Sharky's Machine,1982,0,1
1778,Shattered Glass,2004,0,1
1779,Shaun the Sheep Movie,2016,0,1
1780,"Shawshank Redemption, The",1995,0,2
1781,She-Devil,1990,0,1
1782,"Sheltering Sky, The",1991,1,2
1783,Shenandoah,1966,0,1
1784,Sherlock Holmes,2010,1,1
1785,Sherrybaby,2007,0,1
1786,Shine,1997,1,5
1787,Ship of Fools,1966,0,3
1788,Shirley Valentine,1990,0,3
1789,Shock Corridor,1964,0,1
1790,"Shoes of the Fisherman, The",1969,1,2
1791,Shoot The Moon,1983,0,2
1792,"Shootist, The",1977,0,1
1793,"Shop on Main Street, The",1967,0,1
1794,Shoplifters,2019,0,1
1795,Short Cuts,1994,0,1
1796,Shrek,2002,0,1
1797,Shrek 2,2005,0,1
1798,Sideways,2005,2,7
1799,"Signore & signori (The Birds, The Bees And The Italians)",1967,0,1
1800,"Silence of the Lambs, The",1992,1,5
1801,Silent Movie,1977,0,4
1802,Silk Stockings,1958,0,2
1803,Silkwood,1984,1,5
1804,"Silver Chalice, The",1957,1,1
1805,Silver Linings Playbook,2013,1,4
1806,Silver Streak,1977,0,1
1807,"Simple Plan, a",1999,0,1
1808,"Simpsons Movie, The",2008,0,1
1809,Sing,2017,0,2
1810,Sing Street,2017,0,1
1811,Singin' in the Rain,1953,1,2
1812,Sister Act,1993,0,2
1813,Sister Kenny,1947,1,1
1814,Six Degrees of Separation,1994,0,1
1815,Six Weeks,1983,0,2
1816,"Sixth Sense, The",2000,0,2
1817,Ski Fever,1968,0,1
1818,Skyfall,2013,1,1
1819,Slaughterhouse Five,1973,0,1
1820,Sleepless in Seattle,1994,0,3
1821,"Slender Thread, The",1966,0,1
1822,Sleuth,1973,0,3
1823,"Slipper and the Rose - The Story of Cinderella, The",1977,0,2
1824,Slow Dancing in the Big City,1979,0,1
1825,Slumdog Millionaire,2009,4,4
1826,Small Change,1977,0,1
1827,Small Time Crooks,2001,0,1
1828,Smashing Time,1968,0,1
1829,Smokey and The Bandit,1978,0,1
1830,"Snapper, The",1994,0,1
1831,So Big,1954,0,1
1832,Soapdish,1992,0,1
1833,Soldier of Orange,1980,0,1
1834,"Soldier's Story, A",1985,0,3
1835,"Solid Gold Cadillac, The",1957,0,2
1836,Some Came Running,1959,0,1
1837,Some Like It Hot,1960,3,3
1838,Something To Talk About,1996,0,1
1839,Something Wild,1987,0,3
1840,Something for Everyone,1971,0,1
1841,Something's Gotta Give,2004,1,2
1842,Somewhere in Time,1981,0,1
1843,Son of Saul,2016,1,1
1844,Song Without End ,1961,1,3
1845,Songwriter,1985,0,1
1846,Sons and Lovers,1961,1,5
1847,"Sons, Mothers And A General",1956,0,1
1848,Sophie's Choice,1983,1,3
1849,"Sound of Music, The",1966,2,4
1850,Sounder,1973,0,2
1851,South Pacific,1959,0,2
1852,Spanglish,2005,0,1
1853,Spartacus,1961,1,6
1854,"Special Day, A",1978,1,2
1855,Special Section,1976,0,1
1856,Special Treatment,1981,0,1
1857,Spectre,2016,1,1
1858,Speechless,1995,0,1
1859,Spider-Man: Into the Spider-Verse,2019,1,1
1860,Spirit: Stallion of the Cimarron,2003,0,1
1861,Splash,1985,0,1
1862,Splendor in the Grass,1962,0,4
1863,Spotlight,2016,0,3
1864,Spy,2016,0,2
1865,"Spy Who Came in from the Cold, The",1966,1,1
1866,"Spy Who Loved Me, The",1978,0,2
1867,Square Dance,1988,0,1
1868,"Squid and the Whale, The",2006,0,3
1869,St. Vincent,2015,0,2
1870,Stan & Ollie,2019,0,1
1871,Stand By Me,1987,0,2
1872,Stand Up Guys,2013,0,1
1873,Stand and Deliver,1989,0,2
1874,Star 80,1984,0,1
1875,"Star Is Born, A (1976)",1977,5,5
1876,"Star Is Born, A (2018)",2019,1,5
1877,Star Spangled Girl,1972,0,1
1878,Star Trek: The Motion Picture,1980,0,1
1879,Star Wars: Episode IV - A New Hope,1978,1,4
1880,Star Wars: Episode V - The Empire Strikes Back,1981,0,1
1881,Star and Stripes Forever,1953,0,1
1882,"Star is Born, A (1954)",1955,2,2
1883,Star!,1969,1,4
1884,Stars and Stripes Forever,1953,0,2
1885,Starting Over,1980,0,4
1886,State of Siege,1974,0,1
1887,Stay Hungry,1977,1,1
1888,Staying Alive,1984,0,1
1889,Steel Magnolias,1990,1,2
1890,Stella,1956,0,1
1891,Stepmom,1999,0,1
1892,"Sterile Cuckoo, The",1970,0,1
1893,Steve Jobs,2016,2,4
1894,Stevie,1979,0,2
1895,Still Alice,2015,1,1
1896,Still Crazy,1999,0,2
1897,"Sting, The",1974,0,1
1898,Stolen Kisses,1969,0,1
1899,"Story of Esther Costello, The",1958,0,1
1900,Story of Women,1990,0,1
1901,Stranger Than Fiction,2007,0,1
1902,Street Smart,1988,0,1
1903,Strictly Ballroom,1994,0,1
1904,"Stunt Man, The",1981,1,6
1905,"Subject Was Roses, The",1969,0,1
1906,Such Good Friends,1972,0,1
1907,Sudden Fear,1953,0,1
1908,"Suddenly, Last Summer",1960,1,2
1909,Summer Magic,1964,0,1
1910,"Summer Place, A",1960,0,1
1911,"Summer Wishes, Winter Dreams",1974,0,3
1912,Summer and Smoke,1962,1,3
1913,Summer of '42,1972,0,4
1914,Sunday Bloody Sunday,1972,1,2
1915,Sunday In New York,1965,0,1
1916,"Sunday in the Country, A",1985,0,1
1917,Sundays and Cybèle,1963,1,1
1918,"Sundowners, The",1961,0,2
1919,Sunrise at Campobello,1961,1,2
1920,Sunset Boulevard,1951,4,7
1921,Sunshine,2001,0,3
1922,"Sunshine Boys, The",1976,3,4
1923,Superman,1979,0,1
1924,Sweeney Todd: The Demon Barber of Fleet Street,2008,2,4
1925,Sweet Bird of Youth,1963,1,4
1926,Sweet Charity,1970,0,1
1927,"Sweet Ride, The",1969,0,2
1928,Sweet and Lowdown,2000,0,2
1929,Swing Shift,1985,0,1
1930,Switch,1992,0,1
1931,Syriana,2006,1,2
1932,Take a Giant Step,1960,0,2
1933,Taken,2003,0,1
1934,Talk To Her,2003,1,1
1935,Tall Story,1962,0,1
1936,"Taming of the Shrew, The",1968,0,2
1937,Tangerines,2015,0,1
1938,Tangled,2011,0,2
1939,Tango,1999,0,1
1940,Taps,1982,0,1
1941,Tarahumara (Always Further On),1966,0,1
1942,Taras Bulba,1963,0,1
1943,Tarzan,2000,1,1
1944,"Taste of Honey, A",1963,0,2
1945,Taxi Blues,1991,0,1
1946,Taxi Driver,1977,0,2
1947,Tchaikovsky,1972,0,1
1948,Tea For Two,1951,1,1
1949,Tea and Sympathy,1957,0,1
1950,Teacher's Pet,1959,0,2
1951,"Teahouse of the August Moon, The",1957,0,6
1952,Telstar,1963,1,1
1953,Tempest,1983,0,2
1954,"Ten Commandments, The",1957,0,1
1955,Tender Mercies,1984,0,5
1956,Teresa,1952,1,1
1957,Terms of Endearment,1984,4,6
1958,Tess,1981,2,4
1959,Testament,1984,0,1
1960,Tex,1983,0,1
1961,Thank God It's Friday,1979,1,1
1962,Thank You For Smoking,2007,0,2
1963,That Funny Feeling,1966,0,1
1964,That Hagen Girl,1948,1,1
1965,That Obscure Object of Desire,1978,0,1
1966,That Thing You Do!,1997,0,1
1967,That Touch of Mink,1963,1,2
1968,"That's Entertainment, Part 2",1977,0,1
1969,That's Life!,1987,0,3
1970,The Adventures of Ichabod and Mr. Toad,1950,1,1
1971,The Alamo,1961,1,1
1972,The Artist,2012,3,6
1973,The Asphalt Jungle,1951,0,3
1974,The Aviator,2005,3,6
1975,The Baader Meinhof Complex,2009,0,1
1976,The Barbarian Invasions,2004,0,1
1977,The Bells of St. Mary's,1946,1,1
1978,The Best Man,1998,0,1
1979,The Best Man ,1965,0,2
1980,The Best Of Enemies,1963,0,4
1981,The Best Years Of Our Lives,1947,2,2
1982,The Bible: In The Beginning,1967,0,1
1983,The Bicycle Thief,1950,1,1
1984,The Big Lift,1951,0,1
1985,The Blue Veil,1952,1,1
1986,The Book Thief,2014,0,1
1987,The Brand New Testament,2016,0,1
1988,The Bridge,1960,0,1
1989,The Celebration,1999,0,1
1990,The Chorus,2005,0,1
1991,"The Chronicles Of Narnia: The Lion, The Witch And The Wardrobe",2006,0,2
1992,The Chronicles of Narnia: The Voyage of The Dawn Treader,2011,0,1
1993,The Climax,1968,0,2
1994,The Club,2016,0,1
1995,The Concert,2011,0,1
1996,The Crime of Padre Amaro,2003,0,1
1997,The Curious Case of Benjamin Button,2009,0,5
1998,The Customer of the Off Season,1971,0,1
1999,The Da Vinci Code,2007,0,1
2000,The Danish Girl,2016,0,3
2001,The Day The Earth Stood Still,1952,1,2
2002,The Diving Bell and the Butterfly,2008,2,3
2003,The Double Life of Veronique,1992,0,1
2004,The Dresser,1984,1,5
2005,The Edge,2011,0,1
2006,The Edge of Seventeen,2017,0,1
2007,The Eighth Day,1997,0,1
2008,The Emperor's New Groove,2001,0,1
2009,The End of the Affair,2000,0,4
2010,The English Patient,1997,2,7
2011,The Fall Of The Roman Empire,1965,1,1
2012,The Fallen Idol,1950,0,1
2013,The Fencer,2016,0,1
2014,The Flowers Of War,2012,0,1
2015,The Fountain,2007,0,1
2016,The Four Days Of Naples,1964,0,1
2017,The Fox,1968,1,4
2018,The Girl With The Dragon Tattoo,2012,0,2
2019,The Girl on the Bridge,2000,0,1
2020,The Good Dinosaur,2016,0,1
2021,The Good Soldier Schweik,1962,0,1
2022,The Great Beauty,2014,1,1
2023,The Great Race,1966,0,4
2024,The Greatest Show On Earth,1953,3,3
2025,The Greatest Showman,2018,1,3
2026,The Guns Of Navarone,1962,2,3
2027,The Happy Time,1953,0,4
2028,The Hasty Heart,1950,2,3
2029,The Hateful Eight,2016,1,3
2030,The Heiress,1950,1,3
2031,The Help,2012,1,5
2032,The Hospital,1972,1,3
2033,The Hours,2003,2,7
2034,The House I Live In,1946,1,1
2035,The Hunchback of Notre Dame,1997,0,1
2036,The Hunger Games,2013,0,1
2037,The Hunger Games: Catching Fire,2014,0,1
2038,The Hunger Games: Mockingjay - Part 1,2015,0,1
2039,The Hunt,2014,0,1
2040,The Hustler,1962,0,4
2041,The Imitation Game,2015,0,5
2042,The Informant!,2010,0,2
2043,The Insider,2000,0,5
2044,The Inspector General,1950,1,1
2045,The Intouchables,2013,0,1
2046,The Kid With A Bike,2012,0,1
2047,The King's Speech,2011,1,7
2048,The Kite Runner,2008,0,2
2049,The Knack ...And How To Get It,1966,0,2
2050,The Lady Of The Camelias,1955,0,1
2051,The Last Chance,1947,1,1
2052,The Last Samurai,2004,0,3
2053,The Leather Boys,1966,0,1
2054,The Legend of 1900,2000,1,1
2055,The Lion King,1995,3,4
2056,The Lion in Winter,1969,2,7
2057,The Lives Of Others,2007,0,1
2058,The Lobster,2017,0,1
2059,The Longest Yard,1975,1,4
2060,The Lord of the Rings: The Fellowship of the Ring,2002,0,4
2061,The Lord of the Rings: The Return of the King,2004,4,4
2062,The Lost Weekend,1946,3,3
2063,The Magic Flute,1976,0,1
2064,The Magnificent Yankee,1951,0,1
2065,The Maid (La Nana),2010,0,1
2066,The Mark,1962,1,1
2067,The Martian,2016,2,3
2068,The Mighty,1999,0,2
2069,The Mirror Has Two Faces,1997,1,4
2070,The Moon Is Blue,1954,1,1
2071,The Motorcycle Diaries,2005,0,1
2072,The Next Voice You Hear...,1951,0,1
2073,The Nightmare Before Christmas,1994,0,1
2074,The Painted Veil,2007,1,1
2075,The Past,2014,0,1
2076,The Peanuts Movie,2016,0,1
2077,The Pearl,1949,1,1
2078,The Perfect Furlough,1959,1,2
2079,The Phantom of the Opera,2005,0,3
2080,The Piano,1994,1,6
2081,The Picture of Dorian Gray,1946,1,1
2082,The Pigeon That Took Rome,1963,0,3
2083,The Polar Express,2005,0,1
2084,The Polish Bride,1999,0,1
2085,The Post,2018,0,6
2086,The Prince of Egypt,1999,0,2
2087,The Producers,2006,0,4
2088,The Promise (Master of the Crimson Armor),2006,0,1
2089,The Pursuit of Happyness,2007,0,2
2090,The Quiet Man,1953,0,2
2091,The Razor's Edge,1947,2,2
2092,The Red Shoes,1949,1,1
2093,The Red Violin,2000,0,1
2094,The Return,2004,0,1
2095,The Revenant,2016,3,4
2096,The Roman Spring of Mrs. Stone,1962,0,1
2097,The Rose On His Arm,1957,0,1
2098,The Salesman,2017,0,1
2099,The Sand Pebbles,1967,1,8
2100,The Sandpiper,1966,0,2
2101,The Sea Inside,2005,1,2
2102,The Search,1949,3,3
2103,The Searchers,1958,0,1
2104,The Shape of Water,2018,2,7
2105,The Shipping News,2002,0,2
2106,The Sin Of Harold Diddlebock,1951,0,1
2107,The Skin I Live In,2012,0,1
2108,The Social Network,2011,4,6
2109,The Song Of Bernadette,1944,3,3
2110,The Spy With A Cold Nose,1967,0,2
2111,The Square,2018,0,1
2112,The Star,2018,0,1
2113,The Straight Story,2000,0,2
2114,The Stranger,1968,0,1
2115,The Swan Princess,1995,0,1
2116,The Talented Mr. Ripley,2000,0,5
2117,The Theory of Everything,2015,2,4
2118,The Thief,1953,0,5
2119,The Towering Inferno,1975,2,5
2120,The Treasure of the Sierra Madre,1949,2,3
2121,The Trials Of Oscar Wilde (The Man With The Green Carnation),1961,1,1
2122,The Truman Show,1999,3,6
2123,The Umbrellas Of Cherbourg,1966,0,1
2124,The Virgin Spring,1961,0,1
2125,The Wedding Banquet,1994,0,1
2126,The Well,1952,0,1
2127,The Whisperers,1968,1,2
2128,The White Reindeer,1957,0,1
2129,The White Ribbon (Das Weisse Band - Eine Deutsche Kindergeschichte),2010,1,1
2130,The Widow of Saint-Pierre,2001,0,1
2131,The Wild Thornberrys Movie,2003,0,1
2132,The Wind Rises,2014,0,1
2133,The Wonderful World Of The Brothers Grimm,1963,0,2
2134,The World Of Apu,1961,0,1
2135,The World Of Suzie Wong,1961,0,3
2136,The Wrestler,2009,2,3
2137,The Year Long Road,1959,0,1
2138,The Yearling,1947,1,1
2139,The Yellow Rolls-Royce,1966,1,2
2140,Thelma & Louise,1992,1,4
2141,There Will Be Blood,2008,1,2
2142,There's Something About Mary,1999,0,2
2143,"They Shoot Horses, Don't They?",1970,1,6
2144,"Thief, The",1998,0,1
2145,Thirteen,2004,0,2
2146,This Could Be the Night,1958,0,1
2147,This Earth Is Mine,1960,0,1
2148,This Happy Feeling,1958,0,1
2149,This Property Is Condemned,1967,0,1
2150,This Sporting Life,1964,1,2
2151,"Thomas Crown Affair, The",1969,1,2
2152,Thoroughly Modern Millie,1968,1,5
2153,Those Magnificent Men in Their Flying Machines,1966,0,3
2154,"Thousand Clowns, A",1966,0,3
2155,"Three Billboards Outside Ebbing, Missouri",2018,4,6
2156,Three Colors: Red,1995,0,1
2157,Three Colours: Blue (Trois couleurs: Bleu) ,1994,0,3
2158,Three Days and a Child,1968,0,1
2159,Three Days of the Condor,1976,0,1
2160,"Three Faces of Eve, The",1958,1,1
2161,Three Little Words,1951,1,2
2162,"Three Musketeers, The",1975,1,2
2163,Throw Momma From The Train,1988,0,2
2164,"Ticklish Affair, A",1964,0,1
2165,Till Marriage Do Us Part,1980,0,1
2166,Time To Run,1974,0,1
2167,"Time to Kill, A",1997,0,1
2168,"Time to Love and a Time to Die, A",1959,0,2
2169,Tin Cup,1997,0,1
2170,Titanic,1998,4,8
2171,Tizoc,1958,1,1
2172,To Be or Not to Be,1984,0,2
2173,To Bed Or Not To Bed,1964,1,2
2174,To Die For,1996,1,1
2175,To Die of Love,1972,0,1
2176,To Kill A Mockingbird,1963,3,5
2177,To Live,1995,0,1
2178,"To Wong Foo, Thanks For Everything! Julie Newmar",1996,0,2
2179,Tom & Viv,1995,0,1
2180,Tom Jones,1964,1,7
2181,Tom Sawyer,1974,0,2
2182,Tom Thumb,1959,0,1
2183,Tommy,1976,1,3
2184,Tomorrow Never Dies,1998,0,1
2185,Toni Erdmann,2017,0,1
2186,"Too Much, Too Soon",1959,0,1
2187,Too Young To Kiss,1952,1,1
2188,Tootsie,1983,3,5
2189,Top Gun,1987,1,2
2190,Topkapi,1965,0,2
2191,"Touch of Class, A",1974,2,5
2192,Touched by Love,1981,0,1
2193,Tough Guys,1987,0,1
2194,"Tourist, The",2011,0,3
2195,Town Without Pity,1962,1,2
2196,"Town, The",2011,0,1
2197,Toy Story,1996,0,2
2198,Toy Story 2,2000,1,2
2199,Toy Story 3,2011,1,1
2200,Toys in the Attic,1964,0,2
2201,Trading Places,1984,0,2
2202,Traffic,2001,2,5
2203,Training Day,2002,0,1
2204,Trainwreck,2016,0,2
2205,Transamerica,2006,1,2
2206,Travels with My Aunt,1973,0,3
2207,"Traviata, La",1983,0,1
2208,Trial,1956,1,1
2209,Tribute,1981,0,1
2210,"Trip To Bountiful, The",1986,0,1
2211,Trolls,2017,0,1
2212,Tropic Thunder,2009,0,2
2213,"Trouble With Harry, The",1955,1,1
2214,True Grit,1970,1,3
2215,True Lies,1995,1,1
2216,Trumbo,2016,0,2
2217,Tsotsi,2006,0,1
2218,Tucker: The Man and His Dream,1989,1,1
2219,Tully,2019,0,1
2220,Tumbleweeds,2000,1,1
2221,Tunes of Glory,1961,0,1
2222,"Tunnel of Love, The",1959,0,1
2223,"Turning Point, The",1978,2,6
2224,Twelve Monkeys,1996,1,1
2225,Twenty-Four Eyes,1955,0,1
2226,Twice in a Lifetime,1986,0,2
2227,Twilight of Honor,1964,0,1
2228,Twins,1989,0,1
2229,Two Weeks In Another Town,1963,0,1
2230,Two Women,1962,1,1
2231,Two for the Road,1968,0,2
2232,"U.F.O.s: Past, Present and Future",1976,0,1
2233,"Ugly American, The",1964,0,2
2234,Ulee's Gold,1998,1,1
2235,Ulysses,1968,0,1
2236,"Unbearable Lightness of Being, The",1989,0,2
2237,Uncle Joe Shannon,1979,0,1
2238,Under Fire,1984,0,2
2239,Under The Tuscan Sun,2004,0,1
2240,Under The Volcano,1985,0,2
2241,Under The Yum Yum Tree,1964,0,2
2242,Unfaithful,2003,0,1
2243,Unforgiven,1993,2,4
2244,"Unmarried Woman, An",1979,0,5
2245,"Unsinkable Molly Brown, The",1965,1,3
2246,Until They Sail,1958,1,1
2247,"Untouchables, The",1988,1,2
2248,Up,2010,2,2
2249,Up Close & Personal,1997,0,1
2250,Up In The Air,2010,1,6
2251,Urban Cowboy,1981,0,2
2252,Used People,1993,0,2
2253,"Usual Suspects, The",1996,0,1
2254,"V. I. P.'s, The",1964,1,2
2255,Valley of the Dolls,1968,0,1
2256,Vanilla Sky,2002,0,2
2257,Venus,2007,0,1
2258,Vera Drake,2005,0,1
2259,"Verdict, The",1983,0,5
2260,Veronica Guerin,2004,0,1
2261,Vice,2019,1,6
2262,Vicky Cristina Barcelona,2009,1,4
2263,Victor Victoria,1983,1,5
2264,Victoria & Abdul,2018,0,1
2265,"Victors, The",1964,0,1
2266,"View From Pompey's Head, The",1956,1,1
2267,"View to a Kill, A",1986,0,1
2268,"Virgin and the Gypsy, The",1971,0,1
2269,Visions of Eight,1974,1,1
2270,Viva Zapata!,1953,0,1
2271,Volver,2007,0,2
2272,Voyage of the Damned,1977,1,6
2273,W.E.,2012,1,2
2274,Wag the Dog,1998,0,3
2275,Wait Until Dark,1968,0,2
2276,Walk Hard: The Dewey Cox Story,2008,0,2
2277,Walk The Line,2006,3,3
2278,"Walking Major, The",1971,0,1
2279,Wall Street,1988,1,1
2280,Wall Street: Money Never Sleeps,2011,0,1
2281,Wall-E,2009,1,2
2282,Walls of Fire,1973,1,1
2283,Waltz with Bashir,2009,1,1
2284,War Dogs,2017,0,1
2285,War Horse,2012,0,2
2286,War and Peace,1957,0,5
2287,War and Peace (1966),1969,1,1
2288,"War of The Roses, The",1990,0,3
2289,Watch On The Rhine,1944,1,1
2290,Wattstax,1974,0,1
2291,"Way We Were, The",1974,1,2
2292,We Need To Talk About Kevin,2012,0,1
2293,"Wedding, A",1979,0,1
2294,Weeds,1988,0,1
2295,West Side Story,1962,3,7
2296,What Ever Happened To Baby Jane?,1963,0,2
2297,What Women Want,2001,0,1
2298,What's Eating Gilbert Grape,1994,0,1
2299,What's Love Got To Do With It,1994,1,1
2300,"What's Up, Doc?",1973,0,1
2301,"Wheeler Dealers, The",1964,0,1
2302,When Father Was Away on Business,1986,0,1
2303,When Harry Met Sally,1990,0,5
2304,When The Legends Die,1973,0,1
2305,When Willie Comes Marching Home,1951,0,1
2306,Where It's At,1970,0,1
2307,Where Love Has Gone,1965,0,1
2308,Where The Wild Things Are,2010,0,1
2309,Where the Lilies Bloom,1975,0,1
2310,Whiffs,1976,0,1
2311,While You Were Sleeping,1996,0,1
2312,Whiplash,2015,1,1
2313,White Nights,1986,1,2
2314,White Palace,1991,0,1
2315,Who Framed Roger Rabbit,1989,0,2
2316,Who Is Killing The Great Chefs of Europe?,1979,0,2
2317,Who Was That Lady?,1960,0,2
2318,Who's Afraid of Virginia Woolf?,1967,0,7
2319,Who's That Girl,1988,0,1
2320,"Wife, The",2019,1,1
2321,Wild,2015,0,1
2322,Wild Strawberries,1960,0,1
2323,Wild at Heart,1991,0,1
2324,Wild is the Wind,1958,0,2
2325,Wilde,1999,0,1
2326,Will Success Spoil Rock Hunter?,1958,0,1
2327,Willy Wonka & The Chocolate Factory,1972,0,1
2328,Wilson,1945,1,1
2329,Wings of an Eagle,1977,0,1
2330,"Wings of the Dove, The",1998,0,1
2331,Winter's Bone,2011,0,1
2332,Wir Wunderkinder (Aren't We Wonderful!),1960,0,1
2333,With Honors,1995,0,1
2334,With a Song in My Heart,1953,2,2
2335,Without Limits,1999,0,1
2336,Witness,1986,0,6
2337,Witness for the Prosecution,1958,1,5
2338,"Wolf of Wall Street, The",2014,1,2
2339,Woman In A Dressing Gown,1958,1,1
2340,Woman Times Seven,1968,0,1
2341,"Woman Under The Influence, A",1975,1,4
2342,"Woman in Red, The",1985,1,1
2343,Women In Love,1971,1,3
2344,Women on the Verge of a Nervous Breakdown,1989,0,1
2345,Wonder Boys,2001,1,4
2346,Working Girl,1989,4,6
2347,"World of Henry Orient, The",1965,0,1
2348,Wreck-It Ralph,2013,0,1
2349,Written on the Wind,1957,0,1
2350,Wuthering Heights,1971,0,1
2351,"X, Y & Zee",1973,0,1
2352,Y Tu Mamá También,2002,0,1
2353,Yanks,1980,0,2
2354,"Year of Living Dangerously, The",1984,0,1
2355,Year of the Dragon,1986,0,2
2356,"Year of the Quiet Sun, A",1986,0,1
2357,Yentl,1984,2,6
2358,"Yes, Giorgio",1983,0,1
2359,"Yesterday, Today and Tomorrow",1964,1,1
2360,Yojimbo,1962,0,1
2361,Yol,1983,0,1
2362,You Can Count On Me,2001,0,2
2363,You Light Up My Life,1978,1,1
2364,You'll Like My Mother,1973,0,1
2365,You're a Big Boy Now,1967,0,3
2366,You've Got Mail,1999,0,1
2367,Young Adult,2012,0,1
2368,Young Frankenstein,1975,0,2
2369,Young Guns II,1991,1,1
2370,"Young Lions, The",1959,0,1
2371,"Young Philadelphians, The",1960,0,1
2372,"Young Victoria, The",2010,0,1
2373,Young Winston,1973,1,2
2374,"Yours, Mine and Ours",1969,0,2
2375,Youth,2016,0,2
2376,Youthquake,1976,1,1
2377,Z,1970,1,1
2378,Zelig,1984,0,2
2379,Zero Dark Thirty 	,2013,1,4
2380,Zoot Suit,1982,0,1
2381,Zootopia,2017,1,1
2382,Zorba The Greek,1965,0,5
2383,"Zorro, The Gay Blade",1982,0,1
2384,Ánimas Trujano (The Important Man),1962,0,1
