,Films,Year,Oscars,Nominations
0,,,0,4
1,'Round Midnight,,1,2
2,(A) Torzija [(A) Torsion],,0,1
3,...And Justice for All,,0,1
4,10,,0,2
5,12 Angry Men,,0,1
6,12 Monkeys,,0,1
7,12 Years a Slave,,2,7
8,127 Hours,,0,6
9,12:01 PM,,0,1
10,13 Hours: The Secret Soldiers of Benghazi,,0,1
11,13th,,0,1
12,140 Days under the World,,0,1
13,1776,,0,1
14,1848,,0,1
15,1941,,0,2
16,20 Feet from Stardom,,1,1
17,"20,000 Leagues under the Sea",,0,1
18,2001: A Space Odyssey,,0,1
19,2010,,0,1
20,20th Century Women,,0,1
21,21 Grams,,0,2
22,3:10 to Yuma,,0,2
23,4 Little Girls,,0,1
24,4.1 Miles,,0,1
25,45 Years,,0,1
26,5 Broken Cameras,,0,1
27,8 Mile,,1,1
28,89mm od Europy (89mm from Europe),,0,1
29,A Beautiful Mind,,2,5
30,A Cat in Paris,,0,1
31,A Chance to Live,,1,1
32,A Chorus Line,,0,2
33,A City Called Copenhagen,,0,1
34,A City Decides,,0,1
35,A Civil Action,,0,2
36,A Clockwork Orange,,0,3
37,A Cry in the Dark,,0,1
38,A Day in the Life of Bonnie Consolo,,0,1
39,A Different Approach,,0,1
40,A Double Life,,0,2
41,A Dry White Season,,0,1
42,A Farewell to Arms,,1,2
43,A Few Good Men,,0,3
44,A Few Notes on Our Food Problem,,0,1
45,A Fish Called Wanda,,1,2
46,A Free Soul,,0,1
47,A Girl in the River: The Price of Forgiveness,,1,1
48,A Great Day in Harlem,,0,1
49,A History of Violence,,0,2
50,A King's Story,,0,1
51,A Letter to Three Wives,,1,1
52,A Little Princess,,0,1
53,A Little Romance,,1,1
54,A Little Vicious,,0,1
55,A Long Way from Nowhere,,0,1
56,A Man Called Ove,,0,1
57,A Man Thing (Meska Sprawa),,0,1
58,A Man and a Woman,,0,1
59,A Man for All Seasons,,2,3
60,A Medal for Benny,,0,1
61,A Midsummer Night's Dream,,2,2
62,A Mighty Wind,,0,1
63,A Night at The Garden,,0,1
64,A Note of Triumph: The Golden Age of Norman Corwin,,1,1
65,A Passage to India,,1,6
66,A Place in the Land,,0,1
67,A Place in the Sun,,2,2
68,A Place to Live,,0,1
69,A Place to Stand,,0,1
70,A Portrait of Giselle,,0,1
71,A Queen Is Crowned,,0,1
72,A Quiet Place,,0,1
73,A River Runs through It,,1,2
74,A Room with a View,,0,4
75,A Separation,,0,1
76,A Serious Man,,0,2
77,A Shocking Accident,,1,1
78,A Simple Plan,,0,1
79,A Single Man,,0,1
80,A Soccer Story (Uma Historia de Futebol),,0,1
81,A Soldier's Story,,0,2
82,A Song to Remember,,0,1
83,A Space to Grow,,0,1
84,A Special Day,,0,1
85,A Star Is Born,,1,10
86,A Stitch for Time,,0,1
87,A Story of Healing,,1,1
88,A Streetcar Named Desire,,1,2
89,A Tale of Two Cities,,0,1
90,A Thousand Clowns,,1,2
91,A Time for Burning,,0,1
92,A Time for Justice,,1,1
93,A Touch of Class,,0,1
94,A Tree Grows in Brooklyn,,1,1
95,A Very Long Engagement,,0,1
96,A Way Out of the Wilderness,,0,1
97,A Woman under the Influence,,0,1
98,A Year toward Tomorrow,,1,1
99,A.I. Artificial Intelligence,,0,2
100,Abacus: Small Enough to Jail,,0,1
101,About Schmidt,,0,1
102,About a Boy,,0,1
103,Absence of Malice,,0,1
104,Adam Clayton Powell,,0,1
105,Adaptation,,1,3
106,Adolescence,,0,1
107,Adventure in the Bronx,,0,1
108,Adventures in Perception,,0,1
109,Affliction,,1,2
110,After the Axe,,0,1
111,Afterglow,,0,1
112,Against All Odds,,0,1
113,Against Wind and Tide: A Cuban Odyssey,,0,1
114,Agee,,0,1
115,Agnes of God,,0,2
116,"Agueda Martinez: Our People, Our Country",,0,1
117,Air Force,,1,2
118,Air Force One,,0,1
119,Airport,,0,4
120,Aladdin,,2,3
121,Alaska Wilderness Lake,,0,1
122,Alaska: Spirit of the Wild,,0,1
123,Albert Nobbs,,0,1
124,Albert Schweitzer,,1,1
125,Alexander's Ragtime Band,,0,1
126,Alfie,,0,1
127,Algiers,,0,2
128,Ali,,0,2
129,Alice Doesn't Live Here Anymore,,0,1
130,Alice in Wonderland,,0,1
131,Alice's Restaurant,,0,1
132,Alien,,1,1
133,Alien 3,,0,1
134,Aliens,,1,4
135,All Is Lost,,0,1
136,All Quiet on the Western Front,,1,2
137,All That Jazz,,1,5
138,All The Stars,,0,1
139,All about Eve,,2,3
140,All the King's Men,,0,3
141,All the Money in the World,,0,1
142,All the President's Men,,1,4
143,Almost Famous,,0,1
144,Altered States,,0,1
145,Alvorada (Brazil's Changing Face),,0,1
146,Always a New Beginning,,0,1
147,Ama Girls,,1,1
148,Amadeus,,3,6
149,Amarcord,,0,2
150,Amazon,,0,1
151,Amazon Diary,,0,1
152,America America,,0,2
153,American Beauty,,4,7
154,American Dream,,1,1
155,American Graffiti,,0,3
156,American History X,,0,1
157,American Hustle,,0,8
158,American Shoeshine,,0,1
159,American Sniper,,1,6
160,American Splendor,,0,1
161,Americas in Transition,,0,1
162,Amistad,,0,2
163,Amour,,0,4
164,Amy,,1,1
165,Amélie,,0,1
166,An Affair to Remember,,0,1
167,An American Tail,,0,1
168,An American in Paris,,0,2
169,An Education,,0,3
170,An Encounter with Faces,,0,1
171,An Essay on Matisse,,0,1
172,An Impression of John Steinbeck: Writer,,0,1
173,An Inconvenient Truth,,2,2
174,An Officer and a Gentleman,,2,5
175,An Unmarried Woman,,0,2
176,Anastasia,,0,1
177,Anatomy of a Murder,,0,3
178,And Now My Love,,0,1
179,Angel and Big Joe,,1,1
180,Angela's Ashes,,0,1
181,Angels over Broadway,,0,1
182,Angels with Dirty Faces,,0,1
183,Anna,,0,1
184,Anna Christie,,0,2
185,Anna Karenina,,0,3
186,Anne Frank Remembered,,1,1
187,Anne of the Thousand Days,,0,3
188,Annie Get Your Gun,,0,1
189,Annie Hall,,3,4
190,Anomalisa,,0,1
191,Another Year,,0,1
192,Antarctic Crossing,,0,1
193,Anthony Adverse,,2,2
194,Antonia: A Portrait of the Woman,,0,1
195,Ape and Super-Ape,,0,1
196,Apocalypse Now,,1,5
197,Apocalypto,,0,2
198,Apollo 13,,1,4
199,Aquel No Era Yo (That Wasn't Me),,0,1
200,Argo,,3,7
201,Arizona,,0,1
202,Armageddon,,0,2
203,Army Girl,,0,2
204,Around the World in 80 Days,,1,2
205,Arrival,,1,8
206,Arrowsmith,,0,1
207,Art Is...,,0,1
208,Arthur,,2,3
209,Arthur Rubinstein - The Love of Life,,1,1
210,Arthur and Lillie,,0,1
211,Artie Shaw: Time Is All You've Got,,1,1
212,Artists and Orphans: A True Drama,,0,1
213,Arturo Toscanini,,0,1
214,As Good as It Gets,,2,5
215,Asad,,0,1
216,Asylum,,0,1
217,At Eternity's Gate,,0,1
218,At Night,,0,1
219,At the Edge of Conquest: The Journey of Chief Wai-Wai,,0,1
220,Atlantic City,,0,4
221,Atomic Power,,0,1
222,Atonement,,1,4
223,Audition (The Fools Who Dream) ,,0,1
224,Auf der Strecke (On the Line),,0,1
225,August Rush,,0,1
226,August: Osage County,,0,1
227,Auntie Mame,,0,1
228,Ausreisser (The Runaway),,0,1
229,Autism Is a World,,0,1
230,Autumn Sonata,,0,1
231,Avalon,,0,2
232,Avant Que De Tout Perdre (Just before Losing Everything),,0,1
233,Avatar,,2,8
234,Ave Maria,,0,1
235,Avengers: Infinity War,,0,1
236,Awakenings,,0,2
237,Away from Her,,0,2
238,Aya,,0,1
239,Ayn Rand: A Sense of Life,,0,1
240,Babe,,1,5
241,Babe: Pig in the City,,0,1
242,Babel,,1,5
243,Baby Driver,,0,3
244,Back to the Future,,0,1
245,Back to the Future Part II,,0,1
246,Backdraft,,0,1
247,Background,,0,1
248,Bad Day at Black Rock,,0,1
249,Bad Girl,,1,1
250,Bagdad Cafe,,0,1
251,Ballet Robotique,,0,1
252,Balseros,,0,1
253,Bang the Drum Slowly,,0,1
254,Baptism of Fire,,0,1
255,Barbary Coast,,0,1
256,Barry Lyndon,,1,3
257,Barton Fink,,0,1
258,Basic Instinct,,0,2
259,Batman Begins,,0,1
260,Batman Forever,,0,1
261,Batman Returns,,0,1
262,Battle of Berlin,,0,1
263,Battleground,,0,3
264,Beach Red,,0,1
265,Beasts of the Southern Wild,,0,4
266,Beau Geste,,0,1
267,Beauty and the Beast,,2,6
268,Becket,,0,4
269,Beethoven's 2nd,,0,1
270,Before Midnight,,0,1
271,Before Night Falls,,0,1
272,Before Sunset,,0,1
273,Before the Mountain Was Moved,,0,1
274,Begin Again,,0,1
275,Beginners,,1,1
276,Being John Malkovich,,0,1
277,Being Julia,,0,1
278,Being There,,1,2
279,Ben's Mill,,0,1
280,Ben-Hur,,3,3
281,Benjy,,1,1
282,Berkeley in the Sixties,,0,1
283,Best Boy,,1,1
284,Best Friends,,0,1
285,Beverly Hills Cop II,,0,1
286,"Beyond Imagining: Margaret Anderson and the ""Little Review""",,0,1
287,Beyond Silence,,0,1
288,Beyond the Lights,,0,1
289,Big,,0,1
290,Big Fish,,0,1
291,Big Hero 6,,1,1
292,Big Mama,,1,1
293,Billy Budd,,0,1
294,Billy Elliot,,0,1
295,Binta and the Great Idea (Binta Y La Gran Idea),,0,1
296,Birch Street Gym,,0,1
297,Birdman of Alcatraz,,0,1
298,Birdman or (The Unexpected Virtue of Ignorance),,4,8
299,"Birdnesters of Thailand (aka ""Shadow Hunters"")",,0,1
300,"Birds Do It, Bees Do It",,0,1
301,Bite the Bullet,,0,1
302,Biutiful,,0,1
303,BlacKkKlansman,,1,6
304,Black Fox,,1,1
305,Black Hawk Down,,1,3
306,Black Panther,,2,5
307,Black Rider (Schwarzfahrer),,1,1
308,Black Sheep,,0,1
309,Black Swan,,1,5
310,Blackboard Jungle,,0,1
311,Blackwood,,0,1
312,Blade Runner,,0,1
313,Blade Runner 2049,,2,5
314,Blaze,,0,1
315,Blazing Saddles,,0,1
316,Block-Heads,,0,1
317,Blockade,,0,1
318,Blood Diamond,,0,5
319,Blood Ties: The Life and Work of Sally Mann,,0,1
320,Blow-Up,,0,1
321,Blue Jasmine,,1,2
322,Blue Sky,,1,1
323,Blue Thunder,,0,1
324,Blue Valentine,,0,1
325,Blue Velvet,,0,1
326,Blues Highway,,0,1
327,Board and Care,,1,1
328,Bob & Carol & Ted & Alice,,0,2
329,Body Team 12,,0,1
330,Body and Soul,,1,2
331,Bohemian Rhapsody,,4,5
332,Bolt,,0,1
333,Bomber,,0,1
334,Bonnie and Clyde,,1,5
335,Boogaloo and Graham,,0,1
336,Boogie Nights,,0,1
337,Borat Cultural Learnings of America for Make Benefit Glorious Nation of Kazakhstan,,0,1
338,Border,,0,1
339,Born Yesterday,,0,1
340,Born into Brothels,,1,1
341,Born on the Fourth of July,,2,6
342,Bound for Glory,,1,3
343,Bowling for Columbine,,1,1
344,Boy and the World,,0,1
345,Boyhood,,0,5
346,Boys Don't Cry,,1,1
347,Boys Town,,0,1
348,Boys and Girls,,1,1
349,Boyz N the Hood,,0,1
350,Brave,,1,1
351,Braveheart,,3,4
352,Bravery in the Field,,0,1
353,Breaking Away,,0,2
354,Breaking the Habit,,0,1
355,Breaking the Ice,,0,1
356,Breaking the Language Barrier,,0,1
357,Breaking the Waves,,0,1
358,Breathing Lessons: The Life and Work of Mark O'Brien,,1,1
359,Bridesmaids,,0,1
360,Bridge of Spies,,1,6
361,Bridget Jones's Diary,,0,1
362,Brief Encounter,,0,1
363,Broadcast News,,0,6
364,Broadway Danny Rose,,0,1
365,Brokeback Mountain,,3,7
366,Broken Arrow,,0,1
367,Broken Rainbow,,1,1
368,Bronx Cheers,,0,1
369,Brooklyn,,0,3
370,Brooklyn Bridge,,0,1
371,Brooms,,0,1
372,"Bror, Min Bror (Teis and Nico)",,0,1
373,Brother Bear,,0,1
374,Buena Vista Social Club,,0,1
375,Bugsy,,0,7
376,Building Bombs,,0,1
377,Bullets over Broadway,,0,2
378,Bullitt,,1,1
379,Burma VJ,,0,1
380,Burning Down Tomorrow,,0,1
381,Bus Stop,,0,1
382,Buster,,0,1
383,Butch Cassidy and the Sundance Kid,,1,3
384,Butter Lamp (La Lampe Au Beurre De Yak),,0,1
385,Butterflies Are Free,,0,1
386,Buzkashi Boys,,0,1
387,By Courier,,0,1
388,Cabaret,,4,5
389,Cadillac Dreams,,0,1
390,Call Me by Your Name,,1,3
391,Camelot,,0,1
392,Camille Claudel,,0,1
393,Can You Ever Forgive Me?,,0,3
394,Can't Stop The Feeling,,0,1
395,Cape Fear,,0,1
396,Capote,,1,4
397,Captain America: The Winter Soldier,,0,1
398,Captain Blood,,0,1
399,Captain Fantastic,,0,1
400,"Captain Newman, M.D.",,0,1
401,Captain Phillips,,0,6
402,Captains Courageous,,0,1
403,Capturing the Friedmans,,0,1
404,Carol,,0,4
405,Carrie,,0,1
406,Cars,,0,2
407,Cartel Land,,0,1
408,Casablanca,,1,3
409,Cashback,,0,1
410,Casino,,0,1
411,Cast Away,,0,1
412,Cat Ballou,,0,1
413,Cat on a Hot Tin Roof,,0,1
414,Catch Me If You Can,,0,2
415,Cavalcade,,1,1
416,CaveDigger,,0,1
417,Central Station,,0,1
418,Chagall,,1,1
419,Champion,,1,2
420,Chances Are,,0,1
421,Changeling,,0,2
422,Changing Our Minds: The Story of Dr. Evelyn Hooker,,0,1
423,Chaplin,,0,2
424,Chapter Two,,0,1
425,Chariots of Fire,,2,5
426,Chariots of the Gods,,0,1
427,Charlie Wilson's War,,0,1
428,Chasing Ice,,0,1
429,"Chau, beyond the Lines",,0,1
430,Chernobyl Heart,,1,1
431,Chicago,,2,8
432,Chicks in White Satin,,0,1
433,Chico & Rita,,0,1
434,Children Underground,,0,1
435,Children Without,,0,1
436,Children at Work (Paisti Ag Obair),,0,1
437,Children of Darkness,,0,1
438,Children of Fate,,0,1
439,Children of Mars,,0,1
440,Children of Men,,0,3
441,Children of Paradise,,0,1
442,Children of a Lesser God,,1,3
443,Chile: Hasta Cuando?,,0,1
444,Chimps: So Like Us,,0,1
445,China's Unnatural Disaster: The Tears of Sichuan Province,,0,1
446,Chinatown,,1,5
447,Chocolat,,0,3
448,Christmas under Fire,,0,1
449,Christo's Valley Curtain,,0,1
450,Christopher Robin,,0,1
451,Churchill's Island,,1,1
452,Cimarron,,0,2
453,Cinderella Man,,0,2
454,Citizen Kane,,1,3
455,CitizenFour,,1,1
456,City Out of Wilderness,,0,1
457,City Slickers,,1,1
458,City of God,,0,4
459,City of Stars,,1,1
460,Claude Lanzmann: Spectres of the Shoah,,0,1
461,Cleopatra,,1,4
462,Cliffhanger,,0,1
463,Climb,,0,1
464,Close Encounters of the Third Kind,,1,5
465,Close Harmony,,1,1
466,Closer,,0,1
467,Coal Miner's Daughter,,1,4
468,Coco,,1,1
469,Cocoon,,2,2
470,Code Gray: Ethical Dilemmas in Nursing,,0,1
471,Cold Mountain,,0,6
472,Cold War,,0,2
473,Collateral,,0,2
474,Colors Straight Up,,0,1
475,"Come Back, Little Sheba",,0,1
476,Come Fill the Cup,,0,1
477,Come and Get It,,1,2
478,Comes a Horseman,,0,1
479,Coming Home,,2,6
480,Common Threads: Stories from the Quilt,,1,1
481,Complaints of a Dutiful Daughter,,0,1
482,Con Air,,0,1
483,Conquest of Light,,0,1
484,Contact,,0,1
485,Cool Hand Luke,,1,1
486,Copy Shop,,0,1
487,Coraline,,0,1
488,Cosmic Voyage,,0,1
489,Country,,0,1
490,Country Strong,,0,1
491,Couples and Robbers,,0,1
492,"Cousin, Cousine",,0,1
493,Cowboy,,0,2
494,Crack USA: County under Siege,,0,1
495,Cradle of Genius,,0,1
496,Crash,,3,6
497,Crazy Heart,,2,2
498,Crazylegs,,0,1
499,Creed,,0,1
500,Cries and Whispers,,1,3
501,Crimes and Misdemeanors,,0,2
502,Crimes of the Heart,,0,1
503,Crimson Tide,,0,1
504,Crisis Hotline: Veterans Press 1,,1,1
505,Cromwell,,0,1
506,Cross Creek,,0,2
507,Crossfire,,0,2
508,"Crouching Tiger, Hidden Dragon",,2,6
509,Cruise Control,,0,1
510,Cry Freedom,,0,3
511,Culture,,0,1
512,Curfew,,1,1
513,Curtain Call,,0,1
514,Cutie and the Boxer,,0,1
515,Cyrano de Bergerac,,0,1
516,Czechoslovakia 1968,,1,1
517,D-Day Remembered,,0,1
518,Dae,,0,1
519,Dallas Buyers Club,,3,6
520,Dance Lexie Dance,,0,1
521,Dancemaker,,0,1
522,Dancer in the Dark,,0,1
523,Dances With Wolves,,5,7
524,Dangerous Liaisons,,0,3
525,Dark Eyes,,0,1
526,Dark Victory,,0,1
527,Darkest Hour,,2,5
528,Darling,,0,2
529,Darwin's Nightmare,,0,1
530,Das Boot,,0,3
531,Daughter from Danang,,0,1
532,Daughter of the Bride,,0,1
533,David Copperfield,,0,1
534,David and Lisa,,0,1
535,Dawn Flight,,0,1
536,Dawn of the Planet of the Apes,,0,1
537,Day One,,0,1
538,Day for Night,,0,2
539,Daybreak in Udi,,1,1
540,Days of Heaven,,1,2
541,Days of Waiting,,1,1
542,"De Tripas, Corazon",,0,1
543,DeKalb Elementary,,0,1
544,Dead End,,0,1
545,Dead Man Walking,,1,4
546,Dead Poets Society,,0,3
547,"Deadly Deception: General Electric, Nuclear Weapons and Our Environment",,1,1
548,Dear Diary,,1,1
549,Dear Rosie,,0,1
550,Death Becomes Her,,1,1
551,Death of a Salesman,,0,1
552,Death of a Shadow (Dood van een Schaduw),,0,1
553,Death on the Job,,0,1
554,Debonair Dancers,,0,1
555,December 7th,,1,1
556,Decision before Dawn,,0,1
557,Deepwater Horizon,,0,2
558,Defending Our Lives,,1,1
559,Defiance,,0,1
560,Deliver Us from Evil,,0,1
561,Deliverance,,0,3
562,Demián Bichir,,0,1
563,Desert Victory,,1,1
564,Design for Death,,1,1
565,Despicable Me 2,,0,2
566,Detainment,,0,1
567,Detective Story,,0,1
568,Devil Take Us,,0,1
569,Dick Tracy,,1,3
570,Die Hard,,0,2
571,Die Rote Jacke (The Red Jacket),,0,1
572,Dillinger,,0,1
573,Dirty Dancing,,1,1
574,Dirty Pretty Things,,0,1
575,Dirty Wars,,0,1
576,District 9,,0,4
577,Divorce--Italian Style,,0,1
578,Django Unchained,,2,5
579,Do the Right Thing,,0,1
580,Doctor Dolittle,,0,3
581,Doctor Strange,,0,1
582,Doctor Zhivago,,0,4
583,Dodsworth,,0,1
584,Dog Day Afternoon,,1,5
585,Doing Time: Life inside the Big House,,0,1
586,Dolphins,,0,1
587,Don Juan DeMarco,,0,1
588,Don't,,1,1
589,Don't Mess with Bill,,0,1
590,Donald in Mathmagic Land,,0,1
591,Double Indemnity,,0,1
592,Doubletalk,,0,1
593,Doubt,,0,3
594,Down and Out in America,,0,1
595,Down on the Waterfront,,0,1
596,Dr. Ehrlich's Magic Bullet,,0,1
597,Dr. Jekyll and Mr. Hyde,,0,2
598,Dr. Strangelove or: How I Learned to Stop Worrying and Love the Bomb,,0,2
599,Drag,,0,1
600,Dragonheart,,0,1
601,Dragonslayer,,0,2
602,Dreamgirls,,1,5
603,Drive,,0,1
604,Driving Miss Daisy,,2,5
605,Duke of Groove,,0,1
606,Dunkirk,,3,8
607,Dylan Thomas,,1,1
608,E.T. The Extra-Terrestrial,,2,6
609,Earthquake,,0,2
610,East of Eden,,0,1
611,Eastern Promises,,0,1
612,Easy Rider,,0,1
613,Ed Wood,,1,1
614,Edith+Eddie,,0,1
615,Educating Peter,,1,1
616,Educating Rita,,0,2
617,Eight Minutes to Midnight: A Portrait of Dr. Helen Caldicott,,0,1
618,El Salvador: Another Vietnam,,0,1
619,Election Night (Valgaften),,1,1
620,Elizabeth,,0,3
621,Elizabeth: The Golden Age,,0,1
622,Elle,,0,1
623,Empire of the Sun,,0,3
624,Employees Only,,0,1
625,Enchanted,,0,3
626,Encounters at the End of the World,,0,1
627,End Game,,0,1
628,Endless Love,,0,1
629,Ennemis Intérieurs,,0,1
630,Enron: The Smartest Guys in the Room,,0,1
631,Equus,,0,2
632,Erin Brockovich,,1,4
633,Ernest & Celestine,,0,1
634,Ernst & Lyset,,0,1
635,Eskimo,,1,1
636,Esposados,,0,1
637,Eternal Sunshine of the Spotless Mind,,1,2
638,Eternally Yours,,0,1
639,Everything Will Be Okay (Alles Wird Gut),,0,1
640,Everything in This Country Must,,0,1
641,Evita,,1,3
642,Ex Machina,,1,2
643,Excalibur,,0,1
644,Exit,,0,1
645,Exit through the Gift Shop,,0,1
646,Exodus,,0,1
647,Exploratorium,,0,1
648,Extremely Loud & Incredibly Close,,0,2
649,Extremis,,0,1
650,Eyes on the Prize: America's Civil Rights Years/Bridge to Freedom 1965,,0,1
651,Eyewitness,,0,1
652,Face to Face,,0,2
653,Faces,,0,1
654,Faces Places,,0,1
655,Facing Fear,,0,1
656,Fait D'Hiver,,0,1
657,Fame,,2,4
658,Family Gathering,,0,1
659,Fanny,,0,1
660,Fanny & Alexander,,1,2
661,Fantastic Beasts and Where to Find Them,,0,1
662,Fantastic Mr. Fox,,0,2
663,Fantastic Voyage,,0,1
664,Far from Heaven,,0,4
665,Farewell My Concubine,,0,1
666,Fargo,,1,6
667,Fatal Attraction,,0,4
668,Father Goose,,0,1
669,Fauve,,0,1
670,Federico Fellini's 8-1/2,,0,1
671,Fellini Satyricon,,0,1
672,Fences,,0,3
673,Ferdinand,,0,1
674,Ferry Tales,,0,1
675,Festival,,0,1
676,Fiddlefest--Roberta Tzavaras and Her East Harlem Violin Program,,0,1
677,Fiddler on the Roof,,1,4
678,Field of Dreams,,0,2
679,Fifty Shades of Grey,,0,1
680,Fighting for Our Lives,,0,1
681,Finding Nemo,,1,4
682,Finding Neverland,,1,5
683,Finding Vivian Maier,,0,1
684,"Fine Food, Fine Pastries, Open 6 to 9",,0,1
685,Fire at Sea,,0,1
686,Fires of Kuwait,,0,1
687,First Contact,,0,1
688,First Edition,,0,1
689,First Man,,1,4
690,First Reformed,,0,1
691,First Steps,,1,1
692,First Winter,,0,1
693,Five Easy Pieces,,0,1
694,Five Fingers,,0,1
695,Five Graves to Cairo,,0,1
696,Flags of Our Fathers,,0,2
697,Flamenco at 5:15,,1,1
698,Flashdance,,1,4
699,Flat Top,,0,1
700,Flight,,0,2
701,Floating Free,,0,1
702,Florence Foster Jenkins,,0,1
703,Fly Away Home,,0,1
704,"Food, Inc.",,0,1
705,Footloose,,0,2
706,For All Mankind,,0,1
707,For Better or for Worse,,0,1
708,For Whom the Bell Tolls,,0,2
709,For Your Eyes Only,,0,1
710,For the Boys,,0,1
711,Foreign Correspondent,,0,2
712,Forever Activists: Stories from the Veterans of the Abraham Lincoln Brigade,,0,1
713,Forrest Gump,,5,8
714,Foul Play,,0,1
715,Four Daughters,,0,2
716,Four Days in November,,0,1
717,Four Devils,,0,1
718,Four Stones for Kanemitsu,,0,1
719,Four Weddings and a Funeral,,0,1
720,Foxcatcher,,0,5
721,Frances,,0,1
722,Frances Steloff: Memoirs of a Bookseller,,0,1
723,Frankenweenie,,0,1
724,Franz Kafka's It's a Wonderful Life,,1,1
725,Free Solo,,1,1
726,Freedom on My Mind,,0,1
727,Freeheld,,1,1
728,Frida,,1,3
729,Friendly Persuasion,,0,2
730,From Generation to Generation,,0,1
731,From Here to Eternity,,3,3
732,From Mao to Mozart: Isaac Stern in China,,1,1
733,Front Line,,0,1
734,Frost/Nixon,,0,5
735,Frozen,,2,2
736,Frozen River,,0,2
737,Funny Face,,0,1
738,Funny Girl,,0,3
739,Funny Lady,,0,2
740,G. I. Joe,,0,1
741,Gandhi,,5,6
742,Gang Cops,,0,1
743,Gangs of New York,,0,7
744,Gasland,,0,1
745,Generation on the Wind,,0,1
746,Genghis Blues,,0,1
747,Genocide,,1,1
748,Gentleman's Agreement,,1,2
749,George Grosz' Interregnum,,0,1
750,Georgy Girl,,0,1
751,Get Out,,1,4
752,Ghost,,0,3
753,Ghostbusters,,0,2
754,Ghosts of Mississippi,,0,1
755,Giant,,1,2
756,Gigi,,2,2
757,Girl with a Pearl Earring,,0,1
758,Giuseppina,,1,1
759,Gladiator,,3,8
760,Glass,,1,1
761,Glen Campbell…I’ll Be Me,,0,1
762,Glengarry Glen Ross,,0,1
763,Gloria,,0,1
764,Glory,,2,3
765,God Is the Bigger Elvis,,0,1
766,God Sleeps in Rwanda,,0,1
767,God of Love,,1,1
768,Gods and Monsters,,0,1
769,Gods of Metal,,0,1
770,Going My Way,,2,3
771,Going the Distance,,0,1
772,Golden Boy,,0,1
773,Gone Girl,,0,1
774,Gone with the Wind,,2,3
775,Good Fellas,,1,4
776,"Good Morning, Vietnam",,0,1
777,"Good Night, and Good Luck.",,0,5
778,Good Will Hunting,,1,6
779,"Goodbye, Mr. Chips",,0,2
780,Goodie-Two-Shoes,,0,1
781,Goodnight Miss Ann,,0,1
782,Gorillas in the Mist,,0,3
783,Gosford Park,,0,2
784,Graffiti,,0,1
785,Grand Prix,,1,1
786,Gravity,,7,10
787,Gravity Is My Enemy,,1,1
788,Grease,,0,1
789,Great Expectations,,0,1
790,Green Book,,3,5
791,Green Dolphin Street,,0,1
792,Gregor's Greatest Invention,,0,1
793,"Greystoke: The Legend of Tarzan, Lord of the Apes",,0,1
794,Guardians of the Galaxy,,0,2
795,Guardians of the Galaxy Vol. 2,,0,1
796,Guess Who's Coming to Dinner,,0,4
797,Gullah Tales,,0,1
798,Gulliver's Travels,,0,1
799,Gunfight at the O.K. Corral,,0,1
800,Hacksaw Ridge,,2,6
801,Hail the Conquering Hero,,0,1
802,"Hail, Caesar!",,0,1
803,"Hale County This Morning, This Evening",,0,1
804,Half Nelson,,0,1
805,Half a House,,0,1
806,Hallelujah,,0,1
807,Hamlet,,0,1
808,Hank Aaron: Chasing the Dream,,0,1
809,Hannah and Her Sisters,,1,4
810,Happy Feet,,1,1
811,Happy-Go-Lucky,,0,1
812,Hardwood,,0,1
813,"Harlan County, U.S.A.",,1,1
814,Harry Potter and the Deathly Hallows Part 1,,0,1
815,Harry Potter and the Deathly Hallows Part 2,,0,1
816,Harry Potter and the Half-Blood Prince,,0,1
817,Harry Potter and the Prisoner of Azkaban,,0,2
818,Harry Potter and the Sorcerer's Stone,,0,1
819,Harry and Tonto,,0,1
820,Harvest,,0,1
821,Havana,,0,1
822,He Makes Me Feel Like Dancin',,1,1
823,Heart to Heart,,0,1
824,Heartbreak Ridge,,0,1
825,Hearts and Minds,,1,1
826,Heaven Can Wait,,0,7
827,Heaven Is a Traffic Jam on the 405,,1,1
828,Helen Keller in Her Story,,1,1
829,Helicopter Canada,,0,1
830,Helium,,1,1
831,Hell and Back Again,,0,1
832,Hell or High Water,,0,4
833,Hell's Angels,,0,1
834,Hellfire: A Journey from Hiroshima,,0,1
835,"Hello, Dolly!",,0,3
836,Helmer & Son,,0,1
837,Henry,,0,1
838,Henry & June,,0,1
839,Henry V,,0,2
840,Her,,1,5
841,Hercules,,0,1
842,Here Comes Mr. Jordan,,0,2
843,Hereafter,,0,1
844,Heroin(e),,0,1
845,Hidden Figures,,0,2
846,High Grass Circus,,0,1
847,High Noon,,1,2
848,High Schools,,0,1
849,Hilary and Jackie,,0,1
850,Hitchcock,,0,1
851,Hitler Lives?,,1,1
852,Hoffa,,0,1
853,Holiday Romance,,0,1
854,Hollow Man,,0,1
855,Hollywood on Trial,,0,1
856,Homage to Chagall--The Colours of Love,,0,1
857,Home Alone,,0,2
858,Honeysuckle Rose,,0,1
859,Hook,,0,2
860,Hoop Dreams,,0,1
861,Hoosiers,,0,2
862,Hope and Glory,,0,3
863,Hotel Rwanda,,0,2
864,Hotel Terminus: The Life and Times of Klaus Barbie,,1,1
865,House of Flying Daggers,,0,1
866,House of Sand and Fog,,0,2
867,How Far I'll Go,,0,1
868,How Green Was My Valley,,2,3
869,How the West Was Won,,1,2
870,How to Survive a Plague,,0,1
871,How to Train Your Dragon,,0,2
872,How to Train Your Dragon 2,,0,1
873,Howards End,,1,5
874,Howl's Moving Castle,,0,1
875,Hud,,1,2
876,Hugo,,4,9
877,Hundertwasser's Rainy Day,,0,1
878,"Hush...Hush, Sweet Charlotte",,0,1
879,Hustle & Flow,,1,2
880,I Am Not Your Negro,,0,1
881,I Am Sam,,0,1
882,I Am a Promise: The Children of Stanton Elementary School,,1,1
883,I Never Sang for My Father,,0,1
884,I Remember Mama,,0,1
885,I Want to Live!,,0,2
886,I Was a Communist for the F.B.I.,,0,1
887,I'll Fight,,0,1
888,I'll Find a Way,,1,1
889,I'll Wait for the Next One... (J'Attendrai Le Suivant...),,0,1
890,"I, Robot",,0,1
891,"I, Tonya",,0,2
892,Icarus,,1,1
893,Ice Age,,0,1
894,Ice Castles,,0,1
895,Ice Station Zebra,,0,1
896,Ida,,0,1
897,If Beale Street Could Talk,,0,2
898,If I Were King,,0,2
899,If You Love This Planet,,1,1
900,If a Tree Falls: A Story of the Earth Liberation Front,,0,1
901,Il Supplente (The Substitute),,0,1
902,In America,,0,3
903,In Bruges,,0,1
904,In Cold Blood,,0,2
905,In Old Arizona,,0,2
906,In Our Water,,0,1
907,In Which We Serve,,0,1
908,In the Bedroom,,0,3
909,In the Heat of the Night,,2,3
910,In the Line of Fire,,0,2
911,In the Loop,,0,1
912,In the Name of the Father,,0,5
913,In the Name of the People,,0,1
914,In the Nuclear Shadow: What Can the Children Tell Us?,,0,1
915,In the Region of Ice,,1,1
916,In the Shadow of the Stars,,1,1
917,In the Valley of Elah,,0,1
918,In the Wee Wee Hours...,,0,1
919,In the Year of the Pig,,0,1
920,Inception,,4,7
921,Incident in New Baghdad,,0,1
922,Incredibles 2,,0,1
923,Independence Day,,1,1
924,Indiana Jones and the Last Crusade,,0,1
925,Indiana Jones and the Temple of Doom,,1,2
926,Indochine,,0,1
927,Inglourious Basterds,,1,8
928,Inherent Vice,,0,1
929,Inherit the Wind,,0,1
930,Inja (Dog),,0,1
931,Innerspace,,1,1
932,Inocente,,1,1
933,Inside Job,,1,1
934,Inside Llewyn Davis,,0,2
935,Inside Out,,1,2
936,Instead of Abracadabra,,0,1
937,Interiors,,0,2
938,Interstellar,,1,5
939,Interview with the Vampire,,0,1
940,Interviews with My Lai Veterans,,1,1
941,Into the Arms of Strangers: Stories of the Kindertransport,,1,1
942,Into the Wild,,0,2
943,Into the Woods,,0,1
944,Invictus,,0,2
945,Iraq in Fragments,,0,1
946,Iris,,1,2
947,Iron Man,,0,2
948,Iron Man 2,,0,1
949,Iron Man 3,,0,1
950,Ironweed,,0,2
951,Isaac in America: A Journey with Isaac Bashevis Singer,,0,1
952,Islands in the Stream,,0,1
953,Isle of Dogs,,0,2
954,It Happened One Night,,1,1
955,It's Good to Talk,,0,1
956,"It's a Mad, Mad, Mad, Mad World",,0,1
957,It's a Wonderful Life,,0,2
958,It's the Same World,,0,1
959,JFK,,2,6
960,Jack Johnson,,0,1
961,Jackass Presents: Bad Grandpa,,0,1
962,Jackie,,0,2
963,Jackie Brown,,0,1
964,Jacques-Yves Cousteau's World without Sun,,1,1
965,Jagged Edge,,0,1
966,Janie,,0,1
967,Jaws,,2,3
968,Jenny Is a Good Thing,,0,1
969,Jerry Maguire,,1,4
970,Jesus Camp,,0,1
971,Jet Carrier,,0,1
972,Jezebel,,0,1
973,Jim Dine: A Self-Portrait on the Walls,,0,1
974,Jimmy Neutron: Boy Genius,,0,1
975,Joan of Arc,,0,2
976,Joanna,,0,1
977,Joe's Violin,,0,1
978,John Muir's High Sierra,,0,1
979,Johnny Belinda,,0,3
980,Johnny Eager,,1,1
981,Johnny Flynton,,0,1
982,Jonathan Livingston Seagull,,0,2
983,Journey for Survival,,0,1
984,Journey into Life: The World of the Unborn,,0,1
985,Journey into Medicine,,0,1
986,Journey into Self,,1,1
987,Journey into Spring,,0,1
988,Journey to the Outer Limits,,0,1
989,Joy,,0,1
990,Juarez,,0,1
991,Judgment at Nuremberg,,0,3
992,Julia,,1,8
993,Julie & Julia,,0,1
994,Junior,,0,1
995,Juno,,1,4
996,Jurassic Park,,1,1
997,Just Another Missing Kid,,1,1
998,K-Z,,0,1
999,Kahl,,0,1
1000,Kangaroo Court,,0,1
1001,Karama Has No Walls,,0,1
1002,Karl Hess: Toward Liberty,,1,1
1003,Kate & Leopold,,0,1
1004,Kavi,,0,1
1005,Keats and His Nightingale: A Blind Date,,0,1
1006,Kenji Comes Home,,0,1
1007,Kenojuak,,0,1
1008,Kentucky,,1,1
1009,Killing Joe,,0,1
1010,Killing in the Name,,0,1
1011,King Gimp,,1,1
1012,King Kong,,3,4
1013,King Solomon's Mines,,1,1
1014,King: A Filmed Record...Montgomery to Memphis,,0,1
1015,Kings Point,,0,1
1016,Kings Row,,0,1
1017,Kiss of Death,,0,1
1018,Kiss of the Spider Woman,,1,3
1019,Kitty Foyle,,0,1
1020,Kleingeld (Small Change),,0,1
1021,Knife Skills,,0,1
1022,Kon-Tiki,,1,1
1023,Kong: Skull Island,,0,1
1024,Koryo Celadon,,0,1
1025,Kotch,,0,1
1026,Kramer vs. Kramer,,3,6
1027,Kubo and the Two Strings,,0,2
1028,Kudzu,,0,1
1029,Kundun,,0,1
1030,Kung Fu Panda,,0,1
1031,Kung Fu Panda 2,,0,1
1032,L'Uomo in Grigio (The Man in Gray),,0,1
1033,L.A. Confidential,,0,4
1034,La Cage aux Folles,,0,1
1035,La Carte Postale (The Postcard),,0,1
1036,La Corona (The Crown),,0,1
1037,La Dolce Vita,,0,1
1038,La Femme et le TGV,,0,1
1039,La Grande Olimpiade (Olympic Games 1960),,0,1
1040,La La Land,,5,11
1041,La Vie en Rose,,1,1
1042,LaLee's Kin: The Legacy of Cotton,,0,1
1043,Lady Bird,,0,4
1044,Lady for a Day,,0,1
1045,Language Says It All,,0,1
1046,Lars and the Real Girl,,0,1
1047,Las Madres -- The Mothers of Plaza de Mayo,,0,1
1048,Last Breeze of Summer,,0,1
1049,Last Day of Freedom,,0,1
1050,Last Days in Vietnam,,0,1
1051,Last Men in Aleppo,,0,1
1052,Last Tango in Paris,,0,1
1053,Laura,,0,2
1054,Lawrence of Arabia,,3,4
1055,Le Ciel et la Boue (Sky Above and Mud Beneath),,1,1
1056,Le Maillon et la Chaine (The Link and the Chain),,0,1
1057,Le Mozart des Pickpockets (The Mozart of Pickpockets),,1,1
1058,Le Volcan Interdit (The Forbidden Volcano),,0,1
1059,Leaving Las Vegas,,1,3
1060,Legacy,,0,1
1061,Legends of the Fall,,1,1
1062,Lemony Snicket's A Series of Unfortunate Events,,0,1
1063,Lenny,,0,3
1064,Lenny Bruce: Swear to Tell the Truth,,0,1
1065,Leo Beuerman,,0,1
1066,Les Mis_rables,,2,4
1067,Les Miserables,,0,2
1068,Les Misérables,,0,2
1069,Let My People Go,,0,1
1070,Let's Get Lost,,0,1
1071,Letter from Home,,0,1
1072,Letters from Iwo Jima,,1,4
1073,Liberators: Fighting on Two Fronts in World War II,,0,1
1074,Library of Congress,,0,1
1075,Lieberman in Love,,1,1
1076,Lies My Father Told Me,,0,1
1077,Life Is Beautiful,,1,4
1078,Life at the Zoo,,0,1
1079,Life of Pi,,4,11
1080,Life of a Thoroughbred,,0,1
1081,"Life, Animated",,0,1
1082,Lifeboat,,0,2
1083,Lili,,0,1
1084,Lilies of the Field,,0,1
1085,Lilo & Stitch,,0,1
1086,Lincoln,,2,10
1087,Lion,,0,5
1088,Little Big Man,,0,1
1089,Little Children,,0,3
1090,Little Dorrit,,0,1
1091,Little Miss Sunshine,,2,3
1092,Little Shop of Horrors,,0,2
1093,Little Surprises,,0,1
1094,Little Terrorist,,0,1
1095,Little Women,,0,3
1096,Lloyds of London,,0,1
1097,Logan,,0,1
1098,Logan's Run,,0,1
1099,Lone Survivor,,0,2
1100,Long Night's Journey into Day,,0,1
1101,Longtime Companion,,0,1
1102,Looking for Mr. Goodbar,,0,1
1103,Lorenzo's Oil,,0,1
1104,Lost Horizon,,1,2
1105,Lost in Translation,,1,4
1106,Love Field,,0,1
1107,Love Story,,1,4
1108,Love Struck,,0,1
1109,Lovers and Other Strangers,,0,1
1110,Loving,,0,1
1111,Loving Vincent,,0,1
1112,Lust for Life,,1,1
1113,Luther Metke at 94,,0,1
1114,M*A*S*H,,0,3
1115,Mad Max: Fury Road,,5,9
1116,Mad about Music,,0,1
1117,Madame X,,0,1
1118,Magnolia,,0,2
1119,Mahogany,,0,1
1120,Major and Minor Miracles,,0,1
1121,Making Overtures--The Story of a Community Orchestra,,0,1
1122,Making Waves,,0,1
1123,Malcolm X,,0,2
1124,Man Alive!,,0,1
1125,Man in Space,,0,1
1126,Man of Conquest,,0,1
1127,Man on Wire,,1,1
1128,Manchester by the Sea,,2,5
1129,Mandela,,0,1
1130,Mandela: Long Walk to Freedom,,0,1
1131,Mandy's Grandmother,,0,1
1132,Mannequin,,0,1
1133,Manon on the Asphalt,,0,1
1134,Manson,,0,1
1135,Marathon Man,,0,1
1136,March of the Penguins,,1,1
1137,Margin Call,,0,1
1138,Marguerite,,0,1
1139,Maria Full of Grace,,0,1
1140,Marie Antoinette,,0,2
1141,Marie-Louise,,1,1
1142,Marjoe,,1,1
1143,Marlene,,0,1
1144,Marooned,,0,1
1145,Married to the Mob,,0,1
1146,Marty,,1,2
1147,Marvel's The Avengers,,0,1
1148,Marvin's Room,,0,1
1149,Mary Poppins,,1,3
1150,Mary Poppins Returns,,0,2
1151,Mary Queen of Scots,,0,1
1152,Master and Commander: The Far Side of the World,,2,7
1153,Match Point,,0,1
1154,Matewan,,0,1
1155,Maya Lin: A Strong Clear Vision,,1,1
1156,Meet the Parents,,0,1
1157,Melvin and Howard,,0,1
1158,Memento,,0,1
1159,Memoirs of a Geisha,,1,4
1160,Memorial: Letters from American Soldiers,,0,1
1161,Men against the Arctic,,1,1
1162,Meredith Willson's The Music Man,,0,2
1163,Merrily We Live,,0,1
1164,Michael Clayton,,0,6
1165,Michael Collins,,0,1
1166,Midnight Cowboy,,2,3
1167,Midnight Express,,1,5
1168,Midnight in Paris,,1,3
1169,Mighty Joe Young,,0,1
1170,Mighty River,,0,1
1171,Mighty Times: The Children's March,,1,1
1172,Mighty Times: The Legacy of Rosa Parks,,0,1
1173,Milk,,2,7
1174,Million Dollar Baby,,4,7
1175,Millions of Years Ahead of Man,,0,1
1176,Minding the Gap,,0,1
1177,Minority Report,,0,1
1178,Miracle Fish,,0,1
1179,Miracle on 34th Street,,1,1
1180,Mirai,,0,1
1181,Misery,,1,1
1182,Missing,,0,3
1183,Mississippi Burning,,1,5
1184,Mister 880,,0,1
1185,Mister Roberts,,1,1
1186,Moana,,0,1
1187,Mohammad - Messenger of God,,0,1
1188,Molly's Game,,0,1
1189,Molly's Pilgrim,,1,1
1190,Mona Lisa,,0,1
1191,Mondays at Racine,,0,1
1192,Moneyball,,0,6
1193,Monsieur Verdoux,,0,1
1194,Monster,,1,1
1195,Monster House,,0,1
1196,Monster's Ball,,1,1
1197,"Monsters, Inc.",,1,4
1198,Monument to the Dream,,0,1
1199,Moonlight,,3,7
1200,Moonraker,,0,1
1201,Moonrise Kingdom,,0,1
1202,Moonstruck,,1,4
1203,Morocco,,0,2
1204,Most (The Bridge),,0,1
1205,Mother,,0,1
1206,Moulin Rouge,,0,6
1207,Mr. & Mrs. Bridge,,0,1
1208,Mr. Deeds Goes to Town,,1,1
1209,Mr. Holland's Opus,,0,1
1210,Mr. Saturday Night,,0,1
1211,Mr. Skeffington,,0,1
1212,Mr. Smith Goes to Washington,,0,4
1213,Mr. Turner,,0,3
1214,Mrs. Brown,,0,1
1215,Mrs. Henderson Presents,,0,1
1216,Mrs. Miniver,,1,3
1217,Mudbound,,0,2
1218,Mulholland Drive,,0,1
1219,Munich,,0,5
1220,Mural on Our Street,,0,1
1221,Murder on a Sunday Morning,,1,1
1222,Murder on the Orient Express,,0,1
1223,"Murder, Inc.",,0,1
1224,Murderball,,0,1
1225,Murphy's Romance,,0,2
1226,Music Box,,0,1
1227,Music by Prudence,,1,1
1228,Music for Millions,,0,1
1229,Music for the Movies: Bernard Herrmann,,0,1
1230,Music of the Heart,,0,2
1231,Mutiny on the Bounty,,0,4
1232,My Architect,,0,1
1233,My Big Fat Greek Wedding,,0,1
1234,"My Country, My Country",,0,1
1235,My Cousin Rachel,,0,1
1236,My Fair Lady,,2,4
1237,My Favorite Wife,,0,1
1238,My Favorite Year,,0,1
1239,My Left Foot,,1,3
1240,My Life as a Dog,,0,1
1241,My Life as a Zucchini,,0,1
1242,My Man Godfrey,,0,2
1243,My Mother Dreams the Satan's Disciples in New York,,1,1
1244,My Nephew Emmett,,0,1
1245,My Week with Marilyn,,0,2
1246,Mysterious Castles of Clay,,0,1
1247,Mystery Of Love,,0,1
1248,Mystic River,,2,5
1249,Na Wewe,,0,1
1250,Nails,,0,1
1251,Naked Yoga,,0,1
1252,Nashville,,1,3
1253,National Velvet,,1,2
1254,Navajo,,0,1
1255,Nebraska,,0,5
1256,Neighbours,,1,1
1257,Nell,,0,1
1258,Network,,2,8
1259,Never Give Up: The 20th Century Odyssey of Herbert Zipper,,0,1
1260,Never Look Away,,0,1
1261,Never on Sunday,,0,1
1262,New Americans,,0,1
1263,New Boy,,0,1
1264,Nicholas and Alexandra,,0,2
1265,Nightcrawler,,0,1
1266,Nightlife,,0,1
1267,Nine,,0,1
1268,Nine from Little Rock,,1,1
1269,Nine to Five,,0,1
1270,Nixon,,0,1
1271,No Country for Old Men,,4,8
1272,No End in Sight,,0,1
1273,Nobody's Fool,,0,1
1274,Nocturnal Animals,,0,1
1275,None but the Lonely Heart,,0,1
1276,Norma Rae,,2,3
1277,North Country,,0,1
1278,North West Mounted Police,,1,2
1279,North by Northwest,,0,1
1280,Norway in Revolt,,0,1
1281,Notes on a Scandal,,0,3
1282,Notes on the Popular Arts,,0,1
1283,Notorious,,0,2
1284,Number One,,0,1
1285,Number Our Days,,1,1
1286,Nurse Edith Cavell,,0,1
1287,"O Brother, Where Art Thou?",,0,1
1288,O.J.: Made in America,,1,1
1289,"Objective, Burma!",,0,1
1290,Obsession,,0,1
1291,Odd Man Out,,0,1
1292,Of Fathers and Sons,,0,1
1293,Of Mice and Men,,0,1
1294,"Of Time, Tombs and Treasure",,0,1
1295,Off the Edge,,0,1
1296,"Oh Brother, My Brother",,0,1
1297,Oisin,,0,1
1298,Oklahoma!,,0,1
1299,Oliver!,,2,5
1300,Omnibus,,1,1
1301,On Any Sunday,,0,1
1302,On Golden Pond,,2,7
1303,On Hope,,0,1
1304,On Tiptoe: Gentle Steps to Freedom,,0,1
1305,On the Beach,,0,1
1306,On the Bowery,,0,1
1307,On the Ropes,,0,1
1308,On the Waterfront,,2,5
1309,Once,,1,1
1310,One Day Crossing,,0,1
1311,One Day in September,,1,1
1312,One Fine Day,,0,1
1313,One Flew over the Cuckoo's Nest,,2,6
1314,One Hundred Men and a Girl,,0,1
1315,One Million B.C.,,0,1
1316,One Night of Love,,0,2
1317,One Survivor Remembers,,1,1
1318,One True Thing,,0,1
1319,One Who Came Back,,0,1
1320,One of Our Aircraft Is Missing,,0,1
1321,One-Eyed Men Are Kings,,1,1
1322,Only When I Laugh,,0,2
1323,Open Heart,,0,1
1324,Operation Blue Jay,,0,1
1325,Operation Homecoming: Writing the Wartime Experience,,0,1
1326,Operation Vittles,,0,1
1327,Operator 13,,0,1
1328,Ordinary People,,3,5
1329,Othello,,0,1
1330,Other Voices,,0,1
1331,Our Curse,,0,1
1332,Our Dancing Daughters,,0,1
1333,Our Time Is Up,,0,1
1334,Our Town,,0,1
1335,Out of Africa,,4,7
1336,Out of Sight,,0,1
1337,Ouverture,,0,1
1338,"Over There, 1914-18",,0,1
1339,Overnight Sensation,,0,1
1340,Overture,,0,1
1341,Pacific Liner,,0,1
1342,Pal Joey,,0,1
1343,Pan's Labyrinth,,1,3
1344,ParaNorman,,0,1
1345,Paradise Lost 3: Purgatory,,0,1
1346,Paramount News Issue #37 (Twentieth Anniversary Issue!  1927.....1947),,0,1
1347,Parenthood,,0,1
1348,Paris 36,,0,1
1349,Partners,,0,1
1350,Parvaneh,,0,1
1351,Passengers,,0,2
1352,Passion Fish,,0,1
1353,Passport to Nowhere,,0,1
1354,Patton,,3,5
1355,Paul Robeson: Tribute to an Artist,,1,1
1356,Pearl Harbor,,1,3
1357,Peggy Sue Got Married,,0,2
1358,Pelle the Conqueror,,0,1
1359,Pentecost,,0,1
1360,People of the Wind,,0,1
1361,Pepe,,0,1
1362,Period. End of Sentence.,,1,1
1363,Persepolis,,0,1
1364,Pete's Dragon,,0,1
1365,Peyton Place,,0,4
1366,Phantom Thread,,0,4
1367,Philadelphia,,2,3
1368,Philomena,,0,4
1369,Picnic,,1,3
1370,Pigskin Parade,,0,1
1371,Pina,,0,1
1372,Pinocchio,,1,1
1373,Pirates of the Caribbean: At World's End,,0,1
1374,Pirates of the Caribbean: Dead Man's Chest,,1,3
1375,Pirates of the Caribbean: The Curse of the Black Pearl,,0,4
1376,Pit__k_ Mun Kaikki Hoitaa? (Do I Have to Take Care of Everything?),,0,1
1377,Places in the Heart,,1,4
1378,Plan for Destruction,,0,1
1379,Planet Ocean,,0,1
1380,Platoon,,3,6
1381,Pocahontas,,1,1
1382,Pocketful of Miracles,,0,1
1383,Poetic Justice,,0,1
1384,Point of View,,0,1
1385,Pollock,,0,1
1386,Poltergeist,,0,2
1387,Poltergeist II: The Other Side,,0,1
1388,Portrait of Imogen,,0,1
1389,Poseidon,,0,1
1390,Postcards from the Edge,,0,2
1391,Poster Girl,,0,1
1392,Precious Images,,1,1
1393,Precious: Based on the Novel 'Push' by Sapphire,,1,5
1394,Predator,,0,1
1395,Pretty Woman,,0,1
1396,Pride & Prejudice,,0,2
1397,Primal Fear,,0,1
1398,Princess O'Rourke,,1,1
1399,Princeton: A Search for Answers,,1,1
1400,Prison Terminal: The Last Days of Private Jack Hall,,0,1
1401,Prisoner of Paradise,,0,1
1402,Prisoners,,0,1
1403,Private Benjamin,,0,1
1404,Prizzi's Honor,,0,5
1405,Probes in Space,,0,1
1406,Project Hope,,1,1
1407,Prometheus,,0,1
1408,Promises,,0,1
1409,Promises to Keep,,0,1
1410,Psychiatric Nursing,,0,1
1411,Psycho,,0,1
1412,Pulp Fiction,,0,5
1413,Puss in Boots,,0,1
1414,Quest for Camelot,,0,1
1415,Quiero Ser (I want to be...),,1,1
1416,Quills,,0,1
1417,Quiz Show,,0,3
1418,Quo Vadis,,0,3
1419,RBG,,0,1
1420,Rabbit Hole,,0,1
1421,Rabbit à la Berlin,,0,1
1422,Rachel Getting Married,,0,1
1423,"Rachel, Rachel",,0,1
1424,Racing Extinction,,0,1
1425,Radio Bikini,,0,1
1426,Raging Bull,,2,6
1427,Ragtime,,0,4
1428,Raiders of the Lost Ark,,2,6
1429,Rain Man,,3,6
1430,Rainbow War,,0,1
1431,Raju,,0,1
1432,Ralph Breaks the Internet,,0,1
1433,Rambling Rose,,0,1
1434,Ran,,0,2
1435,Random Harvest,,0,1
1436,Rango,,1,1
1437,Raoni,,0,1
1438,Ratatouille,,1,5
1439,Ray,,2,5
1440,Ray's Male Heterosexual Dance Hall,,1,1
1441,Ready Player One,,0,1
1442,Real Steel,,0,1
1443,Rear Window,,0,1
1444,Rebecca,,0,3
1445,Rebel in Paradise,,0,1
1446,Rebel without a Cause,,0,1
1447,Recollections of Pavlovsk,,0,1
1448,Recycled Life,,0,1
1449,Red,,0,2
1450,Red Grooms: Sunflower in a Hothouse,,0,1
1451,Red River,,0,1
1452,Redemption,,0,1
1453,Reds,,2,7
1454,Regret to Inform,,0,1
1455,Rehearsing a Dream,,0,1
1456,Rembrandt: A Self-Portrait,,0,1
1457,Remember Me,,1,2
1458,Report from the Aleutians,,0,1
1459,Requiem for a Dream,,0,1
1460,Resisting Enemy Interrogation,,0,1
1461,Restrepo,,0,1
1462,Resurrection,,0,1
1463,Return of the Jedi,,0,1
1464,Return to Oz,,0,1
1465,"Reuben, Reuben",,0,1
1466,Reunion in Vienna,,0,1
1467,Reversal of Fortune,,1,2
1468,Revolutionary Road,,0,1
1469,Ride the Pink Horse,,0,1
1470,Rio,,0,1
1471,Rise of the Planet of the Apes,,0,1
1472,Road to Morocco,,0,1
1473,Road to Perdition,,1,4
1474,Road to Utopia,,0,1
1475,Rob Roy,,0,1
1476,Robert Frost: A Lover's Quarrel with the World,,1,1
1477,Robin Hood: Prince of Thieves,,0,1
1478,RoboCop,,0,1
1479,Rocky,,3,8
1480,Rocky III,,0,1
1481,Rogue One: A Star Wars Story,,0,2
1482,Roland Joffé,,0,1
1483,Roma,,2,8
1484,Roman Holiday,,0,3
1485,"Roman J. Israel, Esq.",,0,1
1486,Romance,,0,1
1487,Romancing the Stone,,0,1
1488,Romeo and Juliet,,1,4
1489,Room,,1,4
1490,Room at the Top,,0,1
1491,Rose Kennedy: A Life to Remember,,0,1
1492,Runaway Train,,0,3
1493,Running on Empty,,0,1
1494,Russian Soil,,0,1
1495,Ryan's Daughter,,2,2
1496,Sabrina,,0,2
1497,Sadie Thompson,,0,1
1498,Sahara,,0,1
1499,Saint Matthew Passion,,0,1
1500,Salim Baba,,0,1
1501,Salt,,0,1
1502,Salty O'Rourke,,0,1
1503,Salvador,,0,1
1504,Sam,,0,1
1505,"Same Time, Next Year",,0,3
1506,San Francisco,,0,1
1507,Sands of Iwo Jima,,0,1
1508,Sari's Mother,,0,1
1509,Saturday Night Fever,,0,1
1510,Save the Tiger,,0,1
1511,Saving Face,,1,1
1512,Saving Mr. Banks,,0,1
1513,Saving Private Ryan,,3,5
1514,Say Goodbye,,0,1
1515,Sayonara,,1,4
1516,Scared Straight!,,1,1
1517,Scent of a Woman,,1,3
1518,Schindler's List,,5,7
1519,School in the Mailbox,,0,1
1520,School of Assassins,,0,1
1521,Scottsboro: An American Tragedy,,0,1
1522,Seabiscuit,,0,5
1523,Searching for Bobby Fischer,,0,1
1524,Searching for Sugar Man,,1,1
1525,Secrets & Lies,,0,3
1526,See What I Say,,0,1
1527,See You at the Pillar,,0,1
1528,Seeds of Destiny,,1,1
1529,Seeing Red,,0,1
1530,Selling Out,,0,1
1531,Selma,,1,2
1532,Sense and Sensibility,,0,3
1533,Sentinels of Silence,,1,1
1534,Senzeni Na? (What Have We Done?),,0,1
1535,Seraglio,,0,1
1536,Serengeti Shall Not Die,,1,1
1537,Sergeant York,,1,4
1538,Session Man,,1,1
1539,Seven,,0,1
1540,Seven Beauties,,0,2
1541,Seven Brides for Seven Brothers,,0,1
1542,Seven Days in May,,0,1
1543,Sewing Woman,,0,1
1544,Sexy Beast,,0,1
1545,Shadow of the Vampire,,0,1
1546,Shadowlands,,0,1
1547,Shakespeare in Love,,2,6
1548,Shallow,,1,1
1549,Shampoo,,0,2
1550,Shane,,0,3
1551,Shanghai Express,,1,2
1552,Shanghai Triad,,0,1
1553,Shark Tale,,0,1
1554,Shaun the Sheep Movie,,0,1
1555,Sherlock Holmes,,0,1
1556,Shine,,1,5
1557,Ship of Fools,,0,2
1558,Shirley Valentine,,0,2
1559,Shoe-Shine,,0,1
1560,Shoeshine,,0,1
1561,Shok,,0,1
1562,Short Cuts,,0,1
1563,Shrek,,1,1
1564,Shrek 2,,0,2
1565,Sicario,,0,3
1566,Sicko,,0,1
1567,Sideways,,1,4
1568,Silence,,0,1
1569,Silent Nights,,0,1
1570,Silkwood,,0,3
1571,Silver Linings Playbook,,1,7
1572,Silver into Gold,,0,1
1573,Silverado,,0,1
1574,Since You Went Away,,0,2
1575,Sing,,1,1
1576,Sing!,,0,1
1577,Sister Rose's Passion,,0,1
1578,Six Degrees of Separation,,0,1
1579,Six Shooter,,1,1
1580,Skin,,1,1
1581,Skippy,,1,1
1582,Skyfall,,2,5
1583,Sleepless in Seattle,,0,1
1584,Sleepy Hollow,,0,1
1585,Sleuth,,0,1
1586,Sling Blade,,0,1
1587,Slumdog Millionaire,,8,10
1588,Smile Pinki,,1,1
1589,Smokey and the Bandit,,0,1
1590,Snow Falling on Cedars,,0,1
1591,Snow White and the Huntsman,,0,1
1592,So Much for So Little,,0,1
1593,So Proudly We Hail!,,0,1
1594,Soldiers in Hiding,,0,1
1595,Soldiers of the Sky,,0,1
1596,Solly's Diner,,0,1
1597,Solo: A Star Wars Story,,0,1
1598,Some Came Running,,0,1
1599,Some Like It Hot,,0,1
1600,Somebody Up There Likes Me,,0,1
1601,Somebody Waiting,,0,1
1602,Something's Gotta Give,,0,1
1603,Sometimes a Great Notion,,0,1
1604,Song of the Sea,,0,1
1605,Sons and Lovers,,0,1
1606,Sophie's Choice,,1,3
1607,Sound and Fury,,0,1
1608,Sounder,,0,1
1609,"South Park: Bigger, Longer & Uncut",,0,1
1610,Space Cowboys,,0,1
1611,Spaceborne,,0,1
1612,Spaces: The Architecture of Paul Rudolph,,0,1
1613,Spartacus,,1,2
1614,Speaking in Strings,,0,1
1615,Special Effects,,0,1
1616,Spectre,,1,1
1617,Speed,,0,1
1618,Speed for Thespians,,0,1
1619,Spellbound,,0,3
1620,Spider-Man,,0,1
1621,Spider-Man 2,,1,3
1622,Spider-Man: Into the Spider-Verse,,1,1
1623,Spielzeugland (Toyland),,1,1
1624,Spirit: Stallion of the Cimarron,,0,1
1625,Spirited Away,,1,1
1626,Split Cherry Tree,,0,1
1627,Spotlight,,2,5
1628,Squash,,0,1
1629,Squires of San Quentin,,0,1
1630,Sredni Vashtar,,0,1
1631,Stage Door,,0,1
1632,Stagecoach,,1,3
1633,Stalag 17,,0,2
1634,Stand Up For Something,,0,1
1635,Stand and Deliver,,0,1
1636,Star Trek,,0,3
1637,Star Trek - The Motion Picture,,0,2
1638,Star Trek Beyond,,0,1
1639,Star Trek IV: The Voyage Home,,0,2
1640,Star Trek Into Darkness,,0,1
1641,Star Wars,,3,6
1642,Star Wars Episode I: The Phantom Menace,,0,1
1643,Star Wars Episode II Attack of the Clones,,0,1
1644,Star Wars: The Force Awakens,,0,5
1645,Star Wars: The Last Jedi,,0,4
1646,Star!,,0,2
1647,Starman,,0,1
1648,Starship Troopers,,0,1
1649,Starting Over,,0,1
1650,Steve Jobs,,0,1
1651,Still Alice,,1,1
1652,Still Kicking: The Fabulous Palm Springs Follies,,0,1
1653,Straight Outta Compton,,0,1
1654,Straight from the Heart,,0,1
1655,Strange Fruit,,0,1
1656,Strangers No More,,1,1
1657,Street Angel,,0,1
1658,Street Fight,,0,1
1659,Street Smart,,0,1
1660,Streetwise,,0,1
1661,Strong Island,,0,1
1662,Stuart Little,,0,1
1663,Stutterer,,1,1
1664,Sudden Fear,,0,1
1665,Suez,,0,2
1666,Suicide Squad,,1,1
1667,Sully,,0,1
1668,Summer of '42,,0,2
1669,Summertime,,0,1
1670,Sun Come Up,,0,1
1671,Sunday Bloody Sunday,,0,1
1672,Sunflower,,0,1
1673,Sunrise,,1,2
1674,Sunrise over Tiananmen Square,,0,1
1675,Sunset Blvd.,,0,3
1676,Super Chief: The Life and Legacy of Earl Warren,,0,1
1677,Super Size Me,,0,1
1678,Superman,,0,2
1679,Superman Returns,,0,1
1680,Surf's Up,,0,1
1681,Suzanne Farrell: Elusive Muse,,0,1
1682,Svengali,,0,1
1683,Swan Song,,0,1
1684,Swedes in America,,0,1
1685,Sweeney Todd The Demon Barber of Fleet Street,,0,1
1686,Sweet Bird of Youth,,1,1
1687,Sweet Dreams,,0,1
1688,Sweet and Lowdown,,0,1
1689,Sweethearts?,,0,1
1690,Syriana,,1,2
1691,Syrup,,0,1
1692,Tabu,,1,1
1693,Tales of Meeting and Parting,,0,1
1694,Talk to Her,,1,2
1695,"Tall, Dark and Handsome",,0,1
1696,Tanghi Argentini,,0,1
1697,Tangled,,0,1
1698,Tarzan,,1,1
1699,Taxi Driver,,0,3
1700,Taxi to the Dark Side,,1,1
1701,Teacher's Pet,,0,1
1702,Ted,,0,1
1703,Teenage Father,,1,1
1704,Tell the Truth and Run: George Seldes and the American Press,,0,1
1705,Tender Mercies,,1,4
1706,Tequila Sunrise,,0,1
1707,Terminator 2: Judgment Day,,1,3
1708,Terms of Endearment,,4,8
1709,Tess,,1,4
1710,Test Pilot,,0,1
1711,Testament,,0,1
1712,Thank God It's Friday,,1,1
1713,That Thing You Do!,,0,1
1714,That's Life,,0,1
1715,The 100-Year-Old Man Who Climbed out the Window and Disappeared,,0,1
1716,The 81st Blow,,0,1
1717,The Absent-Minded Waiter,,0,1
1718,The Abyss,,1,2
1719,The Accidental Tourist,,0,2
1720,The Accused,,1,1
1721,The Act of Killing,,0,1
1722,The Adventures of Baron Munchausen,,0,1
1723,The Adventures of Robin Hood,,2,2
1724,The Adventures of Tintin,,0,1
1725,The Affairs of Cellini,,0,1
1726,The African Queen,,0,1
1727,The Age of Innocence,,0,1
1728,The Alamo,,0,2
1729,The Alaskan Eskimo,,1,1
1730,The Amityville Horror,,0,1
1731,The Anderson Platoon,,1,1
1732,The Andromeda Strain,,0,1
1733,The Apartment,,2,3
1734,The Apostle,,0,1
1735,The Appointments of Dennis Jennings,,1,1
1736,The Artist,,4,7
1737,The Asphalt Jungle,,0,2
1738,The Assassination of Jesse James by the Coward Robert Ford,,0,2
1739,The Aviator,,2,8
1740,The Awful Truth,,1,3
1741,The Bachelor and the Bobby-Soxer,,1,1
1742,The Ballad of Buster Scruggs,,0,1
1743,The Barbarian Invasions,,0,1
1744,The Barber of Birmingham: Foot Soldier of the Civil Rights Movement,,0,1
1745,The Barefoot Contessa,,1,1
1746,The Battle of Algiers,,0,1
1747,The Battle of Gettysburg,,0,1
1748,The Battle of Russia,,0,1
1749,The Battle of the Bulge...The Brave Rifles,,0,1
1750,The Battle over Citizen Kane,,0,1
1751,The Bear,,0,1
1752,The Bells of St. Mary's,,0,2
1753,The Best Little Whorehouse in Texas,,0,1
1754,The Best Man,,0,1
1755,The Best Years of Our Lives,,3,3
1756,The Betrayal (Nerakhoon),,0,1
1757,The Big Chill,,0,1
1758,The Big Country,,1,1
1759,The Big Short,,1,5
1760,The Big Sick,,0,1
1761,The Big Sky,,0,1
1762,The Bishop's Wife,,0,2
1763,The Black Dahlia,,0,1
1764,The Black Hole,,0,2
1765,The Black Stallion,,0,2
1766,The Blind Side,,1,2
1767,The Blood of Yingzhou District,,1,1
1768,The Blue Dahlia,,0,1
1769,The Blue Lagoon,,0,1
1770,The Bodyguard,,0,2
1771,The Bold and the Brave,,0,1
1772,The Book Thief,,0,1
1773,The Boss Baby,,0,1
1774,The Bostonians,,0,1
1775,The Bourne Ultimatum,,3,3
1776,The Boxtrolls,,0,1
1777,The Boys from Brazil,,0,3
1778,The Brave One,,0,1
1779,The Breadwinner,,0,1
1780,The Bridge on the River Kwai,,3,4
1781,The Bridges at Toko-Ri,,0,1
1782,The Bridges of Madison County,,0,1
1783,The Broadcast Tapes of Dr. Peter,,0,1
1784,The Broadway Melody,,0,1
1785,The Brothers Karamazov,,0,1
1786,The Buccaneer,,0,1
1787,The Buddy Holly Story,,0,1
1788,The Caine Mutiny,,0,2
1789,The California Reich,,0,1
1790,The Cardinal,,0,3
1791,The Challenge...A Tribute to Modern Art,,0,1
1792,The Champ,,0,2
1793,The Childeater,,0,1
1794,The Children of Leningradsky,,0,1
1795,The Children of Soong Ching Ling,,0,1
1796,The Children of Theatre Street,,0,1
1797,The Children's Storefront,,0,1
1798,The China Syndrome,,0,2
1799,The Chorus (Les Choristes),,0,1
1800,"The Chronicles of Narnia: The Lion, the Witch and the Wardrobe",,0,2
1801,The Cider House Rules,,1,5
1802,The Citadel,,0,1
1803,The Client,,0,1
1804,The Collector,,0,1
1805,The Collector of Bedford Street,,0,1
1806,The Color Purple,,0,5
1807,The Color of Money,,1,1
1808,The Colours of My Father: A Portrait of Sam Borenstein,,0,1
1809,The Commitments,,0,1
1810,The Competition,,0,2
1811,The Concert,,0,1
1812,The Confession,,0,1
1813,The Conquest of Everest,,0,1
1814,The Conscience of Nhem En,,0,1
1815,The Constant Gardener,,0,3
1816,The Contender,,0,2
1817,The Conversation,,0,2
1818,The Cooler,,0,1
1819,The Corn Is Green,,0,1
1820,The Cotton Club,,0,1
1821,The Country Girl,,0,1
1822,The Courage to Care,,0,1
1823,The Cove,,1,1
1824,The Cowboy and the Lady,,0,1
1825,The Croods,,0,1
1826,The Crusades,,0,1
1827,The Crush,,0,1
1828,The Cry of Reason - Beyers Naudé: An Afrikaner Speaks Out  ,,0,1
1829,The Crying Game,,0,5
1830,The Curious Case of Benjamin Button,,1,9
1831,The Danish Girl,,0,2
1832,The Dark Command,,0,1
1833,The Dark Knight,,2,6
1834,The Dark Wave,,0,1
1835,The Day after Trinity,,0,1
1836,The Day of the Jackal,,0,1
1837,The Day of the Locust,,0,2
1838,The Death of Kevin Carter: Casualty of the Bang Bang Club,,0,1
1839,The Deer Hunter,,4,6
1840,The Defiant Ones,,0,3
1841,The Departed,,4,5
1842,The Descendants,,1,5
1843,The Devil Dancer,,0,1
1844,The Devil Wears Prada,,0,1
1845,The Devil and Miss Jones,,0,2
1846,The Diary of Anne Frank,,0,2
1847,The Dirty Dozen,,0,2
1848,The Disaster Artist,,0,1
1849,The Divided Trail: A Native American Odyssey,,0,1
1850,The Divine Lady,,1,2
1851,The Diving Bell and the Butterfly,,0,4
1852,The Divorcee,,0,1
1853,The Door,,0,1
1854,The Dresser,,0,4
1855,The Dutch Master,,0,1
1856,The Eleanor Roosevelt Story,,1,1
1857,The Elephant Man,,0,5
1858,The Eleven O'Clock,,0,1
1859,The Emigrants,,0,2
1860,The Emperor's New Groove,,0,1
1861,The Empire Strikes Back,,0,1
1862,The Empty Chair,,0,1
1863,The End of the Affair,,0,2
1864,The End of the Game,,1,1
1865,The End of the Road,,0,1
1866,The English Patient,,4,6
1867,The Eruption of Mount St. Helens,,0,1
1868,The Exorcist,,0,5
1869,The Fabulous Baker Boys,,0,4
1870,The Face of Genius,,0,1
1871,The Face of Lincoln,,0,1
1872,The Fallen Idol,,0,1
1873,"The Farm: Angola, U.S.A.",,0,1
1874,The Farmer's Daughter,,0,1
1875,The Favourite,,1,7
1876,The Field,,0,1
1877,The Fight for Life,,0,1
1878,The Fight: Science against Cancer,,0,1
1879,The Fighter,,1,5
1880,The Fighting Lady,,1,1
1881,The Final Inch,,0,1
1882,The Finest Hours,,0,1
1883,The Firm,,0,1
1884,The Fisher King,,0,2
1885,The Five Cities of June,,0,1
1886,The Flight of the Gossamer Condor,,1,1
1887,The Flight of the Phoenix,,0,2
1888,The Florida Project,,0,1
1889,The Fog of War,,1,1
1890,The Formula,,0,1
1891,The Forth Road Bridge,,0,1
1892,The Fortune Cookie,,1,1
1893,The French Connection,,3,5
1894,The French Lieutenant's Woman,,0,2
1895,The Front Page,,0,1
1896,The Fugitive,,1,5
1897,The Full Monty,,0,2
1898,The Garden,,0,1
1899,The Garden Spider (Epeira Diadema),,0,1
1900,The Garden of Eden,,0,1
1901,The Gatekeepers,,0,1
1902,The General Died at Dawn,,0,2
1903,The Gifts,,0,1
1904,The Girl with the Dragon Tattoo,,1,5
1905,The Godfather,,1,6
1906,The Godfather Part II,,3,5
1907,"The Godfather, Part III",,0,6
1908,The Golden Compass,,1,1
1909,The Good Earth,,1,3
1910,The Good German,,0,1
1911,The Goodbye Girl,,1,3
1912,The Gorgeous Hussy,,0,1
1913,The Graduate,,1,3
1914,The Grand Budapest Hotel,,3,8
1915,The Grandmaster,,0,1
1916,The Grapes of Wrath,,1,2
1917,The Great American Cowboy,,1,1
1918,The Great Dictator,,0,3
1919,The Great Escape,,0,1
1920,The Great Gatsby,,1,1
1921,The Great McGinty,,1,1
1922,The Great Muppet Caper,,0,1
1923,The Great Race,,0,1
1924,The Great Santini,,0,2
1925,The Great Waltz,,1,2
1926,The Great Ziegfeld,,0,2
1927,The Greatest Show on Earth,,0,2
1928,The Green Mile,,0,2
1929,The Green Years,,0,1
1930,The Grifters,,0,2
1931,The Guns of Navarone,,0,2
1932,The Hateful Eight,,1,2
1933,The Heartbreak Kid,,0,1
1934,The Heiress,,0,2
1935,The Hellstrom Chronicle,,1,1
1936,The Help,,0,2
1937,The Hidden World,,0,1
1938,The High and the Mighty,,0,2
1939,The Hindenburg,,0,1
1940,The Hoaxters,,0,1
1941,The Hobbit: An Unexpected Journey,,0,3
1942,The Hobbit: The Battle of the Five Armies,,0,1
1943,The Hobbit: The Desolation of Smaug,,0,3
1944,The Horse Whisperer,,0,1
1945,The Horse with the Flying Tail,,1,1
1946,The Hot Rock,,0,1
1947,The Hours,,1,7
1948,The House That Ananda Built,,0,1
1949,The House of the Seven Gables,,0,1
1950,The House without a Name,,0,1
1951,The Howards of Virginia,,0,1
1952,The Human Comedy,,0,1
1953,The Human Dutch,,0,1
1954,The Hunt for Red October,,0,1
1955,The Hunting Ground,,0,1
1956,The Hurricane,,0,2
1957,The Hurt Locker,,6,9
1958,The Hustler,,0,3
1959,The Ides of March,,0,1
1960,The Illusionist,,0,2
1961,The Imitation Game,,1,7
1962,The Impossible,,0,1
1963,The Incredible Machine,,0,1
1964,The Incredibles,,2,4
1965,The Informer,,1,2
1966,The Inn of the Sixth Happiness,,0,1
1967,The Insider,,0,5
1968,The Invisible War,,0,1
1969,The Iron Lady,,1,1
1970,The John Glenn Story,,0,1
1971,The Johnstown Flood,,1,1
1972,The Jolson Story,,0,2
1973,The Judge,,0,1
1974,The Jungle Book,,1,1
1975,The Karate Kid,,0,1
1976,The Karate Kid Part II,,0,1
1977,The Kids Are All Right,,0,4
1978,The Killers,,0,2
1979,The Killing Fields,,3,5
1980,The Killing Ground,,0,1
1981,The King and I,,0,1
1982,The King's Speech,,4,9
1983,The Kite Runner,,0,1
1984,The Klan: A Legacy of Hate in America,,0,1
1985,The Lady in Number 6: Music Saved My Life,,1,1
1986,The Lady in Waiting,,0,1
1987,The Last Bomb,,0,1
1988,The Last Campaign of Governor Booth Gardner,,0,1
1989,The Last Days,,1,1
1990,The Last Detail,,0,1
1991,The Last Emperor,,5,5
1992,The Last Farm,,0,1
1993,The Last King of Scotland,,1,1
1994,The Last Picture Show,,1,5
1995,The Last Samurai,,0,2
1996,The Last Station,,0,2
1997,The Last Temptation of Christ,,0,1
1998,The Last Truck: Closing of a GM Plant,,0,1
1999,The Legendary Champions,,0,1
2000,The Lego Movie,,0,1
2001,The Letter,,0,4
2002,The Life of Emile Zola,,1,2
2003,The Line King: The Al Hirschfeld Story,,0,1
2004,The Lion King,,2,4
2005,The Lion in Winter,,0,2
2006,The Little Foxes,,0,2
2007,The Little Mermaid,,2,3
2008,The Lives of a Bengal Lancer,,0,2
2009,The Living City,,0,1
2010,The Living Desert,,1,1
2011,The Living Sea,,0,1
2012,The Living Stone,,0,1
2013,The Lobster,,0,1
2014,The Lone Ranger,,0,2
2015,The Long Voyage Home,,0,2
2016,The Long Way Home,,1,1
2017,The Longest Day,,0,2
2018,The Longest Yard,,0,1
2019,The Look of Silence,,0,1
2020,The Lord of the Rings: The Fellowship of the Ring,,3,8
2021,The Lord of the Rings: The Return of the King,,8,8
2022,The Lord of the Rings: The Two Towers,,2,4
2023,The Lost Weekend,,1,2
2024,The Lost World: Jurassic Park,,0,1
2025,The Love Parade,,0,2
2026,The Lovely Bones,,0,1
2027,The Lover,,0,1
2028,The Lovers' Wind,,0,1
2029,The Luck of the Irish,,0,1
2030,The Lunch Date,,1,1
2031,The Madness of King George,,0,1
2032,The Magic Flame,,0,1
2033,The Magic Machines,,0,1
2034,The Magic of Lassie,,0,1
2035,The Maltese Falcon,,0,1
2036,The Mambo Kings,,0,1
2037,The Man Who Skied down Everest,,1,1
2038,The Man Who Wasn't There,,0,1
2039,The Man Who Would Be King,,0,1
2040,The Man in the Iron Mask,,0,1
2041,The Man on Lincoln's Nose,,0,1
2042,The Manchurian Candidate,,0,1
2043,The Mark of Zorro,,0,1
2044,The Mark of the Maker,,0,1
2045,The Martian,,0,7
2046,The Mask,,0,1
2047,The Master,,0,2
2048,The Masters of Disaster,,0,1
2049,The Matrix,,2,2
2050,The Messenger,,0,2
2051,The Milagro Beanfield War,,1,1
2052,The Miracle Worker,,0,1
2053,The Miracle of Morgan's Creek,,0,1
2054,The Mirror Has Two Faces,,0,1
2055,The Mission,,1,5
2056,The Moon Is Blue,,0,1
2057,The More the Merrier,,1,2
2058,The Morning After,,0,1
2059,The Morning Spider,,0,1
2060,The Most Dangerous Man in America: Daniel Ellsberg and the Pentagon Papers,,0,1
2061,The Motorcycle Diaries,,1,2
2062,The Muppet Movie,,0,1
2063,The Muppets,,1,1
2064,The Mushroom Club,,0,1
2065,The Naked City,,1,1
2066,The Naked Eye,,0,1
2067,The Natural,,0,2
2068,The New Tenants,,1,1
2069,The New World,,0,1
2070,The Nightmare before Christmas,,0,1
2071,The North Star,,0,1
2072,The Numbers Start with the River,,0,1
2073,The Nun's Story,,0,2
2074,The Odd Couple,,0,1
2075,The Odds Against,,0,1
2076,The Olympics in Mexico,,0,1
2077,The Omen,,1,2
2078,The Other Half of the Sky: A China Memoir,,0,1
2079,The Other Side of the Mountain,,0,1
2080,The Outlaw Josey Wales,,0,1
2081,The Painted Door,,0,1
2082,The Panama Deception,,1,1
2083,The Paper,,0,1
2084,The Paper Chase,,1,1
2085,The Parent Trap,,0,1
2086,The Passion of the Christ,,0,2
2087,The Patriot,,0,3
2088,The People vs. Larry Flynt,,0,2
2089,The Perfect Storm,,0,1
2090,The Personals: Improvisations on Romance in the Golden Years,,1,1
2091,The Phantom of the Opera,,0,2
2092,The Philadelphia Story,,0,1
2093,The Phone Call,,1,1
2094,The Pianist,,3,6
2095,The Piano,,1,5
2096,The Pig,,0,1
2097,The Pink Panther Strikes Again,,0,1
2098,The Pirates! Band of Misfits,,0,1
2099,The Place Where Lost Things Go,,0,1
2100,The Player,,0,2
2101,The Polar Express,,0,3
2102,The Poseidon Adventure,,0,2
2103,The Post,,0,2
2104,The Postman (Il Postino),,0,3
2105,The Prestige,,0,1
2106,The Pride of the Yankees,,1,1
2107,The Prince of Egypt,,1,1
2108,The Prince of Tides,,0,4
2109,The Princess Bride,,0,1
2110,The Princess and the Frog,,0,3
2111,The Producers,,0,1
2112,The Profession of Arms,,0,1
2113,The Professionals,,0,1
2114,The Promise,,0,1
2115,The Pursuit of Happyness,,0,1
2116,The Queen,,1,5
2117,The Quiet American,,0,1
2118,The Quiet Man,,1,2
2119,The Quiet One,,0,1
2120,The RA Expeditions,,0,1
2121,The Race for Space,,0,1
2122,The Rains Came,,0,2
2123,The Razor's Edge,,0,1
2124,The Reader,,1,5
2125,The Really Big Family,,0,1
2126,The Reaper (La Parka),,0,1
2127,The Red Shoes,,0,1
2128,The Red Turtle,,0,1
2129,The Red Violin,,1,1
2130,The Redwoods,,1,1
2131,The Reivers,,0,1
2132,The Remains of the Day,,0,5
2133,The Rescuers,,0,1
2134,The Restless Conscience,,0,1
2135,The Revenant,,3,11
2136,The Revolving Door,,0,1
2137,The Right Stuff,,2,5
2138,The Right to Love,,0,1
2139,The Rising Tide,,0,1
2140,The River,,0,3
2141,The Road to the Wall,,0,1
2142,The Rose,,0,3
2143,The Rose Tattoo,,0,1
2144,The Russians Are Coming The Russians Are Coming,,0,2
2145,The Salt of the Earth,,0,1
2146,The Sand Pebbles,,0,3
2147,The Savages,,0,2
2148,The Saviour,,0,1
2149,The Screw (La Vis),,0,1
2150,The Sea around Us,,1,1
2151,The Search,,0,1
2152,The Secret Land,,1,1
2153,The Secret of Kells,,0,1
2154,The Secret of Santa Vittoria,,0,1
2155,The Seeing Eye,,0,1
2156,The Seventh Cross,,0,1
2157,The Seventh Veil,,1,1
2158,The Shadow of Hate,,0,1
2159,The Shape of Water,,4,11
2160,The Shawshank Redemption,,0,5
2161,The Shetland Experience,,0,1
2162,The Shore,,1,1
2163,The Sign of the Cross,,0,1
2164,The Silence,,0,1
2165,The Silence of the Lambs,,4,5
2166,The Silent Child,,1,1
2167,The Silent Revolution,,0,1
2168,The Silent World,,1,1
2169,The Sixth Sense,,0,4
2170,The Slipper and the Rose--The Story of Cinderella,,0,1
2171,The Snake Pit,,0,1
2172,The Social Network,,3,8
2173,The Solar Film,,0,1
2174,The Song of Bernadette,,0,3
2175,The Sorrow and the Pity,,0,1
2176,The Sound of Music,,3,3
2177,The Southerner,,0,1
2178,The Spirit of America,,0,1
2179,The Spy Who Loved Me,,0,2
2180,The Square,,0,1
2181,The Squid and the Whale,,0,1
2182,The Stairs,,0,1
2183,The Statue of Liberty,,0,1
2184,The Sting,,3,4
2185,The Stone Carvers,,1,1
2186,The Story of the Weeping Camel,,0,1
2187,The Straight Story,,0,1
2188,The Stratford Adventure,,0,1
2189,The Stunt Man,,0,2
2190,The Subject Was Roses,,1,1
2191,The Sundowners,,0,1
2192,The Sunshine Boys,,1,1
2193,The Sweet Hereafter,,0,1
2194,The Tale of the Princess Kaguya,,0,1
2195,The Talented Mr. Ripley,,0,2
2196,The Talk of the Town,,0,1
2197,The Ten Commandments,,0,1
2198,The Ten-Year Lunch: The Wit and Legend of the Algonquin Round Table,,1,1
2199,The Theory of Everything,,1,5
2200,The Thief of Bagdad,,0,1
2201,The Thin Man,,0,1
2202,The Thin Red Line,,0,4
2203,The Third Man,,0,2
2204,The Tide of Traffic,,0,1
2205,The Times of Harvey Milk,,1,1
2206,The Titan: Story of Michelangelo,,1,1
2207,The Tonto Woman,,0,1
2208,The Towering Inferno,,2,4
2209,The Town,,0,1
2210,The Treasure of the Sierra Madre,,2,2
2211,The Tree of Life,,0,3
2212,The Trip to Bountiful,,1,1
2213,The Triplets of Belleville,,0,2
2214,The True Glory,,1,1
2215,The True Story of the Civil War,,1,1
2216,The Truman Show,,0,2
2217,The Tsunami and the Cherry Blossom,,0,1
2218,The Turning Point,,0,7
2219,The Unbearable Lightness of Being,,0,1
2220,The Untouchables,,1,2
2221,The Usual Suspects,,1,1
2222,The Vanishing Prairie,,1,1
2223,The Verdict,,0,4
2224,The Village,,0,1
2225,The Violin,,0,1
2226,The Visitor,,0,1
2227,The Voorman Problem,,0,1
2228,The War Game,,1,1
2229,The War Room,,0,1
2230,The War against Mrs. Hadley,,0,1
2231,The War at Home,,0,1
2232,The War of the Worlds,,0,1
2233,The Warriors of Qiugang,,0,1
2234,The Way We Were,,0,1
2235,The Weather Underground,,0,1
2236,The Well,,0,1
2237,The Westerner,,1,1
2238,The White Helmets,,1,1
2239,The White Ribbon,,0,1
2240,The Wife,,0,1
2241,The Wild Bunch: An Album in Montage,,0,1
2242,The Wild Thornberrys Movie,,0,1
2243,The Wild and the Brave,,0,1
2244,The Wildest Show in the South: The Angola Prison Rodeo,,0,1
2245,The Wind Rises,,0,1
2246,The Wind and the Lion,,0,1
2247,The Window,,0,1
2248,The Wings of the Dove,,0,2
2249,The Witches of Eastwick,,0,1
2250,The Witness - From the Balcony of Room 306,,0,1
2251,The Wiz,,0,1
2252,The Wizard of Oz,,1,1
2253,The Wizard of the Strings,,0,1
2254,The Wolf Men,,0,1
2255,The Wolf of Wall Street,,0,5
2256,The Woman in Red,,1,1
2257,The Word,,0,1
2258,The World According to Garp,,0,1
2259,The World Is Rich,,0,1
2260,The Wrestler,,0,1
2261,The Yanks Are Coming,,0,1
2262,The Yearling,,0,2
2263,The Yellow Star - The Persecution of the Jews in Europe 1933-45,,0,1
2264,The Young Philadelphians,,0,1
2265,The Young in Heart,,0,2
2266,Thelma & Louise,,0,5
2267,Theodora Goes Wild,,0,1
2268,There Will Be Blood,,2,7
2269,They Knew What They Wanted,,0,1
2270,They Planted a Stone,,0,1
2271,"They Shoot Horses, Don't They?",,1,3
2272,Thirty Million Letters,,0,1
2273,This Charming Man (Der Er En Yndig Mand),,1,1
2274,This Is Me,,0,1
2275,This Tiny World,,1,1
2276,This above All,,0,1
2277,Thoth,,1,1
2278,"Three Billboards outside Ebbing, Missouri",,2,7
2279,Three Days of the Condor,,0,1
2280,Thunderbolt and Lightfoot,,0,1
2281,Thursday's Children,,1,1
2282,Tim Burton's Corpse Bride,,0,1
2283,Time Freak,,0,1
2284,Time Is Running Out,,0,1
2285,Timecode,,0,1
2286,Tinker Tailor Soldier Spy,,0,3
2287,Titanic,,6,7
2288,To Be Alive!,,1,1
2289,To Be or Not to Be,,0,1
2290,To Die in Madrid,,0,1
2291,To Kill a Mockingbird,,0,2
2292,To Live Again,,0,1
2293,To Live or Let Die,,0,1
2294,To the People of the United States,,0,1
2295,To the Shores of Iwo Jima,,0,1
2296,Tom & Viv,,0,1
2297,Tom Jones,,2,3
2298,"Tom, Dick and Harry",,0,1
2299,Tomorrow We Fly,,0,1
2300,Tootsie,,0,6
2301,Top Gun,,1,2
2302,Topkapi,,1,1
2303,Topper,,0,1
2304,Tora! Tora! Tora!,,0,2
2305,Torero!,,0,1
2306,Tortilla Flat,,0,1
2307,Toward Independence,,1,1
2308,Toy Story,,0,1
2309,Toy Story 2,,0,1
2310,Toy Story 3,,2,5
2311,Traffic,,3,4
2312,Traffic Stop,,0,1
2313,Traffic with the Devil,,0,1
2314,Training Day,,1,2
2315,Transamerica,,0,2
2316,Transformers,,0,3
2317,Transformers: Dark of the Moon,,0,3
2318,Transformers: Revenge of the Fallen,,0,1
2319,Traveling Hopefully,,0,1
2320,Travels with My Aunt,,0,1
2321,Treasure Planet,,0,1
2322,Trevor,,0,1
2323,Trial,,0,1
2324,Tribute,,0,1
2325,Tron: Legacy,,0,1
2326,Tropic Thunder,,0,1
2327,Trouble the Water,,0,1
2328,Troublesome Creek: A Midwestern,,0,1
2329,True Grit,,0,7
2330,True Lies,,0,1
2331,Trumbo,,0,1
2332,Tucker The Man and His Dream,,0,1
2333,Tuesday Morning Ride,,0,1
2334,Tumbleweeds,,0,1
2335,Tupac: Resurrection,,0,1
2336,Twelve O'Clock High,,1,1
2337,Twilight of Honor,,0,1
2338,Twin Towers,,1,1
2339,Twist of Faith,,0,1
2340,Twister,,0,1
2341,"Two Cars, One Night",,0,1
2342,"Two Days, One Night",,0,1
2343,Two Girls and a Sailor,,0,1
2344,Two Hands,,0,1
2345,Two Soldiers,,1,1
2346,Two-Minute Warning,,0,1
2347,U-571,,1,1
2348,Ulee's Gold,,0,1
2349,Unbroken,,0,3
2350,Undefeated,,1,1
2351,Under Fire,,0,1
2352,Under the Volcano,,0,2
2353,Unfaithful,,0,1
2354,Unfinished Business,,0,1
2355,Unforgiven,,4,6
2356,Union Maids,,0,1
2357,United 93,,0,2
2358,Universe,,0,2
2359,Unstoppable,,0,1
2360,Up,,3,6
2361,Up Close and Personal,,0,1
2362,Up in the Air,,0,4
2363,Urge to Build,,0,1
2364,Vanilla Sky,,0,1
2365,Venus,,0,1
2366,Vera Drake,,0,3
2367,Vice,,1,7
2368,Victor,,0,1
2369,Victor/Victoria,,0,2
2370,Victoria & Abdul,,0,1
2371,Violet,,1,1
2372,Virunga,,0,1
2373,Visas and Virtue,,1,1
2374,Viva Zapata!,,1,1
2375,Vivacious Lady,,0,1
2376,Volcano: An Inquiry into the Life and Death of Malcolm Lowry,,0,1
2377,Volver,,0,1
2378,Voyage of the Damned,,0,1
2379,WALL-E,,1,6
2380,Waco: The Rules of Engagement,,0,1
2381,Wag the Dog,,0,1
2382,Wake Island,,0,3
2383,Waldo Salt: A Screenwriter's Journey,,0,1
2384,Walk the Line,,1,4
2385,Wall Street,,1,1
2386,Wallace & Gromit in The Curse of the Were-Rabbit,,1,1
2387,Walls of Fire,,0,1
2388,Wanted,,0,2
2389,War Clouds in the Pacific,,0,1
2390,War Department Report,,0,1
2391,War Horse,,0,5
2392,War Photographer,,0,1
2393,War and Peace,,0,1
2394,War for the Planet of the Apes,,0,1
2395,War of the Worlds,,0,3
2396,War/Dance,,0,1
2397,WarGames,,0,1
2398,Warrior,,0,1
2399,Wasp,,1,1
2400,Waste Land,,0,1
2401,Watani: My Homeland,,0,1
2402,Waterloo Bridge,,0,1
2403,Watu Wote/All of Us,,0,1
2404,Weary River,,0,1
2405,West Bank Story,,1,1
2406,West Side Story,,3,3
2407,Whale Rider,,0,1
2408,What Dreams May Come,,1,1
2409,What Ever Happened to Baby Jane?,,0,1
2410,"What Happened, Miss Simone?",,0,1
2411,"What Next, Corporal Hargrove?",,0,1
2412,What's Eating Gilbert Grape,,0,1
2413,What's Love Got to Do with It,,0,2
2414,When A Cowboy Trades His Spurs For Wings,,0,1
2415,When Abortion Was Illegal: Untold Stories,,0,1
2416,When Marnie Was There,,0,1
2417,When We Were Kings,,1,1
2418,Where Mountains Float,,0,1
2419,Which Way Home,,0,1
2420,Whiffs,,0,1
2421,While I Run This Race,,0,1
2422,Whiplash,,3,5
2423,Whistling Smith,,0,1
2424,White Earth,,0,1
2425,White Nights,,1,2
2426,White Shadows in the South Seas,,1,1
2427,White Wilderness,,1,1
2428,Who Are the Debolts? And Where Did They Get Nineteen Kids?,,1,1
2429,Who Framed Roger Rabbit,,2,3
2430,Who Killed Vincent Chin?,,0,1
2431,Who's Afraid of Virginia Woolf?,,0,4
2432,Why Can't We Be a Family Again?,,0,1
2433,Why Korea?,,1,1
2434,Why Man Creates,,1,1
2435,Wild,,0,1
2436,Wild by Law,,0,1
2437,Wild in the Streets,,0,1
2438,Willow,,0,1
2439,Wilson,,2,3
2440,Wing and a Prayer,,0,1
2441,Winged Migration,,0,1
2442,Wings over Honolulu,,0,1
2443,Winter on Fire: Ukraine’s Fight for Freedom,,0,1
2444,Winter's Bone,,0,4
2445,Wish 143,,0,1
2446,With Babies and Banners: Story of the Women's Emergency Brigade,,0,1
2447,With Byrd at the South Pole,,1,1
2448,With These Hands,,0,1
2449,With the Marines at Tarawa,,1,1
2450,Witness,,1,6
2451,Witness for the Prosecution,,0,2
2452,Witness to Apartheid,,0,1
2453,Witness to War: Dr. Charlie Clements,,1,1
2454,Wolfgang,,0,1
2455,Woman in the Dunes,,0,1
2456,Woman of the Year,,1,1
2457,Women in Love,,0,2
2458,"Women--for America, for the World",,1,1
2459,Wonder,,0,1
2460,Wonder Boys,,1,2
2461,Woodstock,,1,2
2462,Wordless,,0,1
2463,Work Experience,,1,1
2464,Working Girl,,1,4
2465,Wreck-It Ralph,,0,1
2466,Written on the Wind,,0,1
2467,Wuthering Heights,,0,2
2468,Wyatt Earp,,0,1
2469,X-Men: Days of Future Past,,0,1
2470,Y Tu Mamá También,,0,1
2471,Yad Vashem: Preserving the Past to Ensure the Future,,0,1
2472,Yankee Doodle Dandy,,0,3
2473,Yeats Country,,0,1
2474,Yentl,,0,2
2475,"Yes, Giorgio",,0,1
2476,You Are Free  (Ihr Zent Frei),,0,1
2477,You Can Count on Me,,0,1
2478,You Can't Take It with You,,1,3
2479,You Don't Have to Die,,1,1
2480,You Light Up My Life,,1,1
2481,Young Guns II,,0,1
2482,Young Sherlock Holmes,,0,1
2483,Young at Heart,,1,1
2484,Youth,,0,1
2485,Youth in Crisis,,0,1
2486,Z,,1,3
2487,Zelig,,0,1
2488,Zero Dark Thirty,,0,5
2489,Zootopia,,1,1
2490,Zorba the Greek,,0,2
2491,the accountant,,1,1
